!Copyright (C) 2023  Intel Corporation. All rights reserved.
!Your use of Intel Corporation's design tools, logic functions 
!and other software and tools, and any partner logic 
!functions, and any output files from any of the foregoing 
!(including device programming or simulation files), and any 
!associated documentation or information are expressly subject 
!to the terms and conditions of the Intel Program License 
!Subscription Agreement, the Intel Quartus Prime License Agreement,
!the Intel FPGA IP License Agreement, or other applicable license
!agreement, including, without limitation, that your use is for
!the sole purpose of programming logic devices manufactured by
!Intel and sold by Intel or its authorized distributors.  Please
!refer to the applicable agreement for further details, at
!https://fpgasoftware.intel.com/eula.
!
!Quartus Prime SVF converter 22.1
!
!Device #1: 10M08DA - output_files/Main.sof Tue May 26 21:30:05 2026
!
!NOTE "USERCODE" "000E930C";
!
!NOTE "CHECKSUM" "000E930C";
!
!
!
FREQUENCY 2.40E+07 HZ;
!
!
!
TRST ABSENT;
ENDDR IDLE;
ENDIR IRPAUSE;
STATE IDLE;
!
!Max 10 Enable ISP
!
SIR 10 TDI (2CC);
RUNTEST IDLE 8400003 TCK ENDSTATE IDLE;
SIR 10 TDI (203);
RUNTEST 123 TCK;
SDR 23 TDI (500008);
SIR 10 TDI (205);
RUNTEST 123 TCK;
SDR 32 TDI (00000000) TDO (1E000000) MASK (FF800000);
!
!Max 10 DSM Clear
!
SIR 10 TDI (203);
RUNTEST 123 TCK;
SDR 23 TDI (000000);
SIR 10 TDI (3F2);
RUNTEST 8400003 TCK;
!
!Max 10 DSM Verify
!
SIR 10 TDI (307);
RUNTEST 123 TCK;
SDR 1 TDI (0) TDO (1) MASK (1);
!
!Max 10 Program ICB
!
SIR 10 TDI (203);
RUNTEST 123 TCK;
SDR 23 TDI (300000);
SIR 10 TDI (3F4);
RUNTEST 123 TCK;
SDR 32 TDI (6C48A50F);
RUNTEST 7680 TCK;
!
!Max 10 DSM Verify
!
SIR 10 TDI (307);
RUNTEST 123 TCK;
SDR 1 TDI (0) TDO (1) MASK (1);
!
!Max 10 Program ICB
!
SIR 10 TDI (203);
RUNTEST 123 TCK;
SDR 23 TDI (380000);
SIR 10 TDI (3F4);
RUNTEST 123 TCK;
SDR 32 TDI (FFF7FFFF);
RUNTEST 7680 TCK;
!
!Max 10 DSM Verify
!
SIR 10 TDI (307);
RUNTEST 123 TCK;
SDR 1 TDI (0) TDO (1) MASK (1);
!
!Max 10 Program ICB
!
SIR 10 TDI (203);
RUNTEST 123 TCK;
SDR 23 TDI (480000);
SIR 10 TDI (3F4);
RUNTEST 123 TCK;
SDR 32 TDI (6C48A50F);
RUNTEST 7680 TCK;
!
!Max 10 DSM Verify
!
SIR 10 TDI (307);
RUNTEST 123 TCK;
SDR 1 TDI (0) TDO (1) MASK (1);
!
!Max 10 Program ICB
!
SIR 10 TDI (203);
RUNTEST 123 TCK;
SDR 23 TDI (680000);
SIR 10 TDI (3F4);
RUNTEST 123 TCK;
SDR 32 TDI (6C48A50F);
RUNTEST 7680 TCK;
!
!Max 10 DSM Verify
!
SIR 10 TDI (307);
RUNTEST 123 TCK;
SDR 1 TDI (0) TDO (1) MASK (1);
!
!Max 10 Disable ISP
!
SIR 10 TDI (201);
RUNTEST 8400003 TCK;
SIR 10 TDI (002);
RUNTEST 2400000 TCK;
SDR 1348944 TDI (00000000FFFFFFFFFFFFFFFFFFFFFFFFFFFFFFFFFFFFFFFFFFFFFFFFFFFFFFFFFFFFFFFFFFFFFFFFFFFFFFFFFFFFFFFFFFFFFFFFFFFFFFFFFFFFFFFFFFFFFFFFFFFFFFFFFFFFFFFFFFFFFFFFFFFFFFFFFFFFFFFFFFFFFFFFFFFFFFFFFFFFFFFFFFFFFFFFFFFFFFFFFFFFFFFFFFFFFFFFFFFFFFFFFFFFFF
	FFFFFFFFFFFFFFFFFFFFFFFFFFFFFFFFFFFFFFFFFFFFFFFFFFFFFFFFFFFFFFFFFFFFFFFFFFFFFFFFFFFFFFFFFFFFFFFFFFFFFFFFFFFFFFFFFFFFFFFFFFFFFFFFFFFFFFFFFFFFFFFFFFFFFFFFFFFFFFFFFFFFFFFFFFFFFFFFFFFFFFFFFFFFFFFFFFFFFFFFFFFFFFFFFFFFFFFFFFFFFFFFFFFFFFFFFFFFFFFFFF3F4A00000000
	00000000000000000000000000000000000000000000000000000000000000000000000000000000000000000000000000000000000000000000000000000000000000000000000000000801000000000000000000000000000000000000000000000000000000000000000000000000000000000000000000000000000000
	000000000000000000000000000000000000000000000000000000000000000000000000000000000000000000000000000000000000000000000000000000000000000000000000000000000000000000000036340000BCAF0000000000000000000000000000000000000000000000000000000000000000000000000000
	00000000000000000000000000000000000000000000000000000000000000000000000000000000000000000000000000000000000000000000000000000000000000000000000000000000000000000000000000000000000000000000000000000000000000000000000000000000000000000000000000000000000000
	0000000000000000000000000000000000000000000000000000000000000000000000000000000000000000000000000036340000BCAF000000000000000000000000000000000000000000000000000000000000000000000000000000000000000000000000000000000000000000000000000000000000000000000000
	00000000000000000000000000000000000000000000000000000000000000000000000000000000000000000000000000000000000000000000000000000000000000000000000000000000000000000000000000000000000000000000000000000000000000000000000000000000000000000000000000000000000000
	00000000000000000000000000000036340000BB2B00000000000000000000000000000000000000000000000000000000000000000000000000000000000000000000000000000000000000000000000000000000000000000000000000000000000008000000000000000000000000000000000000000000000000000000
	00000000000000000000000000000000000000000000000000000000000000000000000000000000000000000000000000000000000000000000000000000000000000000000000000000000000000000000000000000000000000000000000000000000000000000000000036340000BCAF00000000000000000000000000
	00000000000000000000000000000000000000000000000000000000000000000000000000000000000000000000000000000000000000000000000000000000000000000000000000000000000000000000000000000000000000000000000000000000000000000000000000000000000000000000000000000000000000
	000000000000000000000000000000000000000000000000000000000000000000000000000000000000000000000000000000000000000000000000000000000000000000000000000036340000BCAF0000000000000000000000000000000000000000000000000000000000000000000000000000000000000000000000
	00000000000000000000000000000000000000000000000000000000000000000000000000000000000000000000000000000000000000000000000000000000000000000000000000000000000000000000000000000000000000000000000000000000000000000000000000000000000000000000000000000000000000
	0000000000000000000000000000000000000000000000000000000000000000000000000000000036340000BCAF000000000000000000000000000000000000000000000000000000000000000000000000000000000000000000000000000000000000000000000000000000000000000000000000000000000000000000
	00000000000000000000000000000000000000000000000000000000000000000000000000000000000000000000000000000000000000000000000000000000000000000000000000000000000000000000000000000000000000000000000000000000000000000000000000000000000000000000000000000000000000
	00000000000036340000BCAF00000000000000000000000000000000000000000000000000000000000000000000000000000000000000000000000000000000000000000000000000000000000000000000000000000000000000000000000000000000000000000000000000000000000000000000000000000000000000
	000000000000000000000000000000000000000000000000000000000000000000000000000000000000000000000000000000000000000000000000000000000000000000000000000000000000000000000000000000000000000000000000000000363400004CDB00000000000000000000000000000000000000000000
	00000000000000000000000000000000000000000000000000000000000000000000000000000000000000000000000000000000000000000000000000000000000000000000000000000000000000000000000000000000000018000000000000000000000000000000000000000000000000000000000000000000000040
	060000000000000000000000000000000000000000000000000000000000000000018400000000000000000000000000000000000000000000000000000000000036340000F45B0000000000000000F5EC0000000000000000000000000000000000000000000000000000000000000000F7EC000000000000000000000000
	00000000000000000000000000000000000000000000F9CE000000000000000000000000020002000000000000000200000000000000000064CE00000200000000000000000000000000000000000000000002000200000000000000B8D80000000000000000000000000200020000000000000000000000000000000000F8
	5A00000200020000000000000000000000000000000000000000000000000036340000FF070000000000000000000000000000000000000000000000000000F7ECF7EC000000000000000000000000000000000000000000000000000000000000F7ECF7EC0000000000000000000000000000000000000000000000000000
	000000000000FFCEFFCE000000000200000000000000000000000000000000000200000000000000FDCEFDCE0000000000000000000002000200000000000000000000000000000000000000F9DEFBDE020000000000000000000000000000000000000000000000020000000200F9DEF9DE00000000000000000000363400
	00DEE300000000000000000000000000000000000000000000000000000000000000000000000000000000000000000000000000000000000000000000000000000000000000000000000000000000000000000000000000000000000000000000000000000000000000000000000000000000000000000000000000000000
	00000000000000000000000000000000000000000000000400000000000000000000000000000000000000000000000000000000000000000004000000000000000000000000000000000000000000000000000000000000000036340000BCAF00000000000000000000000000000000000000000000000000000000000000
	00000000000000000000000000000000000000000000000000000000000000000000000000000000000000000000000000000000000000000000000000000000000000000000000000000000000000000000000000000000000000000000000000000000000000000000000000000000000000000000000000000000000000
	000000000000000000000000000000000000000000000000000000000000000000000000000000000000000000000000000000000000000036340000A70A0000000000000000000000000000000000000000000002000000000000000000000000000000000000000000000000000000000000000000000000000000000000
	00000000000000000000000000000000000000000000000400000000000000000000000000000000000000000000000000000000000000000000000000000000000000000000000000000000000000000000000000000000000000000000000000000000000000000000000000000000000000000000800000000000000000
	00003132000060D00000000000000000000000000000000000000000000000000000000000000000000000000000000000000000000000000000000000000000000000000000000000000000000000000000000000000000000000000000000004000000000000000000000000000000000000000000000000000000000000
	00000000000000000000000000000000000000000000000000000000000000000000000000000000000000000000000000000000000000000000000000000000000000000000000000000031320000E84E00000000000000000000000000000000000000000000000002000000000000000000000000000000000000000000
	00000000000000000000000000000000000000000000000000000000000000000000000000000000000000000000000000000000000000000000000000000000000000000000000000000000000000000000000000000000000000000000000000000000000000000000000000000000000000000000000000000000000000
	00000000000000000001000000000000000000000031320000666000000000000000000000000000000000000000000000000000000000000000000000000000000000000000000000000000000000000000000000000000000000000000000000000000000000000000000000000000000000000000000000000000000000
	000000000000000000000000000000000000000000000000000000000000000000000000000000000000000000000000000000000000000000000000000000000000000000000000000000000000000000000000000000000000000000003132000026D1000000000000000000000000000000000000000000000000000000
	00000000000000000000000000000000000000000000000000000000000000000000000000000000000000000000000000000000000000000000000000000000000000000000000000000000000000000000000000000000000000000000000000000000000000000000000000000000000000000000000000000000000000
	00000000000000000000000000000000000000000000000000000000000000800000000000000000313200006660000000000000000000000000000000000000000000000000000000000000000000000000000000000000000000000000000000000000000000000000000000000000000000000000000000000000000000
	000000000000000000000000000000000000000000000000000000000000000000000000000000000000000000000000000000000000000000000000000000000000000000000000000000000000000000000000000000000000000000000000000000000000000000000000000000000031320000CAF80000000000000000
	00000000000000000000000000000000000000000000000000000000000000000000000000000000000000000000000000000000000000000000000000000000000000000000000000000000000000000000000000000000000000000000000000000000000000000000000000000000000000000000000000000000000000
	00000000000000000000000000000001000000000000000000000000000000000000000000000000000000000000000000000000000000000000003132000066600000000000000000000000000000000000000000000000000000000000000000000000000000000000000000000000000000000000000000000000000000
	00000000000000000000000000000000000000000000000000000000000000000000000000000000000000000000000000000000000000000000000000000000000000000000000000000000000000000000000000000000000000000000000000000000000000000000000000000000000000000000000000000000000000
	000000000031320000DB8A0000000000000000000000000000000000000000000000000000000002000000000000000000000000000000000000000000000000000000000000000000000000000000000000000400000000000000000000000000000000000000000000000000000000000000000000000000000000000000
	0000000000000000000000000000000000000000000000000000000000000000000001000000000000000000000000000000000000000000000000000000000000000000000000000000301E00004CB40000000000000000000000000000000000000000000000000000000000000000000000000000000000000000000000
	00000000000000000000000000000000000000000000000000000000000000000000000000000000000000000000000000000000000000000000000000000000000000000000000000000000000000000000000000000000000000000000000000000000000000000001000000000000000000000000000000000000000000
	00000000000000000000000000000000301E00007712000000000000000000000000000000000000000000000000000000000200000000000000000000000000000000000000000000000000000000000000000000000000000000000000040000000000000000000000000000000000000000000000000000000000000000
	00000000000000000000000000000000000000000000000000000000000000000000000000000000000000000000000000000000000000000000000000000000000000000000000000000000000000000000000000301E00004B85000000000000000000000000000000000000000000000000000000000000000000000000
	00000000000000000000000000000000000000000000000000000000000000000000000000000000000000000000000000000000000000000000000000000000000000000800000000000000000000000000000000000000000000000000000000000000000000000000000000000000000000000000000000000000000000
	00000000000000000000000000000000000000000000000000000000000000313200007782000000000000000000000000000000000000000000000000000000000000000000000000000000000000000000000000000000000000000000000000000000000000000000000000000000000000000000000000000000000000
	00000000000000000000000000000000000000000000000000000000000000000000000000000000000000000000000000000000000000000000000000000000000000000000000000000000000000000000000000000000000000000000000000000000000000000000000000000000333300007782000000000000000000
	00000000000000000000000000000000000000000000000000000000000000000000000000000000000000000000000000000000000000000000000000000000000000000000000000000000000000000000000000000000000000000000000000000000000000000000000000000000000000000000000000000000000000
	00000000000000000000000000000000000000000000000000000000000000000000000000000000000000000000000000000000000000000000000000000000000033330000778200000000000000000000000000000000000000000000000000000000000000000000000000000000000000000000000000000000000000
	00000000000000000000000000000000000000000000000000000000000000000000000000000000000000000000000000000000000000000000000000000000000000000000000000000000000000000000000000000000000000000000000000000000000000000000000000000000000000000000000000000000000000
	00000000000000000000000000000000000000003333000066600000000000000000000000000000000000000000000000000000000000000000000000000000000000000000000000000000000000000000000000000000000000000000000000000000000000000000000000000000000000000000000000000000000000
	000000000000000000000000000000000000000000000000000000000000000000000000000000000000000000000000000000000000000000000000000000000000000000000000000000000000000000000000000000000000000000313200007FA800000000000000000000000000000000000000000000000000000000
	00000000000000000000000000000000000000000000000000000000000000000000000000000000000000000000000000000000000000000000000000000000000000000000000000000000000000000000000000000000000000000000000000000000000000000000000000000000000000000000000001000000000000
	000000000000800000000000000000000000000000000000000000000000000000000000000000313200002E7500000000000000000000000000000000000000000000000000000000000000000000000000000000000000000000000000000000000000000000000000000000000000000000000000000000000000000000
	0000000000000000000000000000000000000000000000000000000000000000000000000000000000000000000000000000000000000000000000000000000000000000000000000000000000000080000000000000000000000000000000000000000000000000000000000000000031320000E4B3000000000000000000
	00000000000000000000000000000000000000000000000000000000000000000000000000000000000000000000000000000000000000000000000000000000000000000000000000000000000000000000000000000000000000000000000000000000000000000000000000000000000000000000000000000000000000
	00000000000000000000010000000000000000000000000000000000000000000000000000000000000000000000000000000000000000000000313200006FE3000000000000000000000000000000000000000000000000000000000000000000000000000000000000000000000000000000000000000000000000000000
	00000000000000000000000000000000000000000000000000000000000000000000000000000000000000000000000000000000000000000000000000000000000000000000000000000000000000000000000000000000000000000000000000000000000000000000000000000000000000000000000000000000000000
	0000000000000000000000000000000000000000351000006FE30000000000000000000000000000000000000000000000000000000000000000000000000000000000000000000000000000000000000000000000000000000000000000000000000000000000000000000000000000000000000000000000000000000000
	00000000000000000000000000000000000000000000000000000000000000000000000000000000000000000000000000000000000000000000000000000000000000000000000000000000000000000000000000000000000000000000000000000000000000000000000000351000006FE3000000000000000000000000
	00000000000000000000000000000000000000000000000000000000000000000000000000000000000000000000000000000000000000000000000000000000000000000000000000000000000000000000000000000000000000000000000000000000000000000000000000000000000000000000000000000000000000
	000000000000000000000000000000000000000000000000000000000000000000000000000000000000000000000000000000000000000000000000000000000000000000000035100000CA1E0000000000000000000000000000000000000000000000000000000000000000000000000000000000000000000000000000
	0000000000000000000000000000000000000000000000000000000000000000000000000000000000000000000000000000000000000000000000001C070000CA1E00000000000000000000000000000000000000000000000000000000000000000000000000000000000000000000000000000000000000000000000000
	000000000000000000000000000000000000000000000000000000000000000000000000000000000000000000000000001C07000053BC0000D2B44BAC2D4AF47292944BAC7D6AA452929C5FA4696AA45A97945AA66968A55A96965AE5E929255A96D6FAA54939254ABED6D2B549292F4EB4D2D2B54B2D2DCAB453D2B44BAD
	2D4B747212944BAD7D6B2452129C5FA5696B245A17945AA76969255A16965AE500291B080000398A000000800000000000000000000000200000000000000000000000000008400000000000000000000000100000020000000000000000040000000000000000000000010000000000000000000000004000000000000000
	00000000100000800000000000000000000000200400000000000000000000080000000001000000000000020000000000000000000000008000000000000000000000002000000000000000000000000000084000000000000000000000001000000200000000000000000400000000000000000000000100000000000000
	0000000000000000380A0000AA4300000000000000810000000040000020000000001000000800000000040000020000000001000000000080000040000000002000001000000000080000040000000002000001000000000080000000004000002000000000100000080000000004000002000080000100000000001C0900
	003C8B00000080002000080002000000000000000000000000000000000000000040001000040001000040001000040001000000000000000000000000000000000000800020000800020000800020000800020000000000000000000000000000000000000000400010000400010000001C020000280A0000000000000000
	00000000000000000000000000000000000000000000000000000000000000000000000000000000000000000000000000000000000000000000000000000000000000000000000000000000000000000000000000000000000000000000000000001B0300005ACF0000000000000000000000000000000000000000000000
	000000000000000000000000000000000000000000000000000000000000000000000000000000000000000000000000000000000000000000000000000000000000000000000000000000000000001A0400005ACF000000000000000000000000000000000000000000000000000000000000000000000000000000000000
	0000000000000000000000000000000000000000000000000000000000000000000000000000000000000000000000000000000000000000000000001A0400005BA000000000000100010000000000000000000000000000000000000000000000000000000000000000000000000000000000000000000000000000000000
	0000000000000000000000000000000000000000000000000000000000000000000000000080008000000000001B0E0000686000000000000000000000000000000000000000000000000000000000000000000000000000000000000000000000000000000000000000000000000000000000000000000000000000000000
	0000000000000000000000000000000000000000000000000000000000001B0E0000F54100000000000000000000000000000000000000000000000000000000000000000000000000000000000000000000000000000000000000000000000000000000000000000000000000000000000000000000000000000000000000
	000000000000000000000000000000000000001C0D00009751000000040004008000801000100000000000002000200400040080008000000800080100010020002000000200020040004008000800000000000010001002000200400040000004000400800080100010000001000100200020040004000000000000080008
	01000100200020001C0D0000F54100000000000000000000000000000000000000000000000000000000000000000000000000000000000000000000000000000000000000000000000000000000000000000000000000000000000000000000000000000000000000000000000000000000000000000000000000001C0D00
	00068B00000000000000000000000000000000000000000000000000000000000000000000000000000000000000000000000000000000000000000000000000000000000000000000000000000000000000000000000000000000000000000000000000000000000000000000000000000000000000000000000000000000
	000000000000000000000000000000000000000000000000000000000000000000000000000000000000000000000000000000000000000000000000000000000000000000000000000000000000000000000000000000000000360C0000068B00000000000000000000000000000000000000000000000000000000000000
	00000000000000000000000000000000000000000000000000000000000000000000000000000000000000000000000000000000000000000000000000000000000000000000000000000000000000000000000000000000000000000000000000000000000000000000000000000000000000000000000000000000000000
	0000000000000000000000000000000000000000000000000000000000000000000000000000000000000000000000000000000000000000360C0000C3140000000000000000000000000000000000000000000000000000000000000000000000000000000000000000000000000000000000000000000000000000000000
	00000000000000000000000000000000000000000000000000000000000000000000000000000000000000000000000000000000000000000000000000000000000000000000000000000000000000000000000000000000000000000000000000000000000000000000000000000000000000000000000000000000000000
	0000000000000000000000000000000000000000000000000000370B0000C3140000000000000000000000000000000000000000000000000000000000000000000000000000000000000000000000000000000000000000000000000000000000000000000000000000000000000000000000000000000000000000000000
	000000000000000000000000000000000000000000000000000000000000000000000000000000000000000000000000000000000000000000000000000000000000000000000000000000000000000000000000000000000000000000000000000000000000000000000000000000000000000000000000000000370B0000
	D4630000000000000001000000000000000000000000000000000000000000000000000000000000000000000000000000000000000000000000000000000000000000000000000000000000000000000000000000000000000000000000000000000000000000000000000000000000000000000000000000000000000000
	000000000000000000000000000000000000000000000000000000000000000000000000000000000000000000000000000000000000000000000000000000000000000000000000000000000000000000000080000000000000000000370B0000453400000000000000000000000000000000000000000000000000000000
	00000000000000000000000000000000000000000000000000000000000000000000000000000000000000000000000000000000000000000000000000000000000000000000000000000000000000000000000000000000000000000000000000000000000000000000000000000000000000000000000000000000000000
	00000000000000000000000000000000000000000000000000000000000000000000000000000000000000000000000000000000000000350000004534000000000000000000000000000000000000000000000000000000000000000000000000000000000000000000000000000000000000000000000000000000000000
	00000000000000000000000000000000000000000000000000000000000000000000000000000000000000000000000000000000000000000000000000000000000000000000000000000000000000000000000000000000000000000000000000000000000000000000000000000000000000000000000000000000000000
	00000000000000000000000000000000003500000045340000000000000000000000000000000000000000000000000000000000000000000000000000000000000000000000000000000000000000000000000000000000000000000000000000000000000000000000000000000000000000000000000000000000000000
	00000000000000000000000000000000000000000000000000000000000000000000000000000000000000000000000000000000000000000000000000000000000000000000000000000000000000000000000000000000000000000000000000000000000000000000350000004534000000000000000000000000000000
	00000000000000000000000000000000000000000000000000000000000000000000000000000000000000000000000000000000000000000000000000000000000000000000000000000000000000000000000000000000000000000000000000000000000000000000000000000000000000000000000000000000000000
	0000000000000000000000000000000000000000000000000000000000000000000000000000000000000000000000000000000000000000000000000000000000000000350000007C850000000000010001000000000000000000000000000000000000000000000000000000000000000000000000000000000000000000
	00000000000000000000000000000000000000000000000000000000000000000000000000000000000000000000000000000000000000000000000000000000000000000000000000000000000000000000000000000000000000000000000000000000000000000000000000000000000000000000000000000000000000
	00000000000000000000000000000000000000000000000000008000800000000000360500009F47000000000000000000000000000000000000000000000000000000000000000000000000000000000000000000000000000000000000000000000000000000000000000000000000000000000000000000000000000000
	00000000000000000000000000000000000000000000000000000000000000000000000000000000000000000000000000000000000000000000000000000000000000000000000000000000000000000000000000000000000000000000000000000000000000000000000000000000000000000000000000000000000000
	36050000189200000000000000000000000000000000000000000000000000000000000000000000000000000000000000000000000000000000000000000000000000000000000000000000000000000000000000000000000000000000000000000000000000000000000000000000000000000000000000000000000000
	00000000000000000000000000000000000000000000000000000000000000000000000000000000000000000000000000000000000000000000000000000000000000000000000000000000000000000000000000340600001892000000000000000000000000000000000000000000000000000000000000000000000000
	00000000000000000000000000000000000000000000000000000000000000000000000000000000000000000000000000000000000000000000000000000000000000000000000000000000000000000000000000000000000000000000000000000000000000000000000000000000000000000000000000000000000000
	00000000000000000000000000000000000000000000000000000000000000000000000000000000000000340600001892000000000000000000000000000000000000000000000000000000000000000000000000000000000000000000000000000000000000000000000000000000000000000000000000000000000000
	00000000000000000000000000000000000000000000000000000000000000000000000000000000000000000000000000000000000000000000000000000000000000000000000000000000000000000000000000000000000000000000000000000000000000000000000000000000000000000000000000000000000000
	00340600000A82000000000000000000000000000000000000000000000000000000000000000000000000000000000000000000000000000000000000000000000000000000000000000000000000000000000000000000000000000000000000000000000000000000000000000000000000000000000000000000000000
	00000000000000000000000000000000000000000000000000000000000000000000000000000000000000000000000000000000000000000000000000000000000000000000000000000000000032010000BA5C00000000000000000000000000000000000000000000000000000000000000000000000000000000000000
	00000000000000000000000000000000000000000000000000000000000000000000000000000000000000000000000000000000000000000000000000000000000000000000000000000000000000000000000000000000000000000000000000000000000000000000000000000000000000000000000000000000000000
	00000000000000000000000000000000000000000000000000000000000000000000000000000000000000000000000000000000380F0000BA5C000000000000000000000000000000000000000000000000000000000000000000000000000000000000000000000000000000000000000000000000000000000000000000
	00000000000000000000000000000000000000000000000000000000000000000000000000000000000000000000000000000000000000000000000000000000000000000000000000000000000000000000000000000000000000000000000000000000000000000000000000000000000000000000000000000000000000
	0000000000000000000000000000000000000000000000000000380F0000BA5C0000000000000000000000000000000000000000000000000000000000000000000000000000000000000000000000000000000000000000000000000000000000000000000000000000000000000000000000000000000000000000000000
	00000000000000000000000000000000000000000000000000000000000000000000000000000000000000000000000000000000000000000000000000000000000000000000000000000000000000000000000000000000000000000000000000000000000000000000000000000000000000000000000000000000000000
	380F0000571200000000000000010000000000000000000000000000000000000000000000000000000000000000000000000000000000000000000000000000000000000000000000000000000000000000000000000000000000000000000000000000000000000000000000000000000000000000000000000000000000
	0000000000000000000000000000000000000000000000000000000000000000000000000000000000000000000000000000000000000000000000000000000000000000000000000000000000000080000000000000000000351000006FE30000000000000000000000000000000000000000000000000000000000000000
	00000000000000000000000000000000000000000000000000000000000000000000000000000000000000000000000000000000000000000000000000000000000000000000000000000000000000000000000000000000000000000000000000000000000000000000000000000000000000000000000000000000000000
	000000000000000000000000000000000000000000000000000000000000000000000000000000000000000000000000000000351000006FE300000000000000000000000000000000000000000000000000000000000000000000000000000000000000000000000000000000000000000000000000000000000000000000
	00000000000000000000000000000000000000000000000000000000000000000000000000000000000000000000000000000000000000000000000000000000000000000000000000000000000000000000000000000000000000000000000000000000000000000000000000000000000000000000000000000000000000
	0000000000000000000000000035100000CA1E000000000000000000000000000000000000000000000000000000000000000000000000000000000000000000000000000000000000000000000000000000000000000000000000000000000000000000000000000000000000000000000000000000000000000000000000
	00001C070000CA1E00000000000000000000000000000000000000000000000000000000000000000000000000000000000000000000000000000000000000000000000000000000000000000000000000000000000000000000000000000000000000000000000000000000000000000000000000001C070000607C0000D2
	B44BAD2D4BF47292944BAC7D6AA452929C5FA4696AA45A97945AA66968A55A96965AE5E929255A96D6FAA54939254ABED6D2B549292F4EB4D2D2B54B2D2DCAB453D2B44BAD2D4B747212944BAD7D6B2452129C5FA5696B245A17945AA76969A55A96965AE500291B080000398A000000800000000000000000000000200000
	00000000000000000000000840000000000000000000000010000002000000000000000004000000000000000000000001000000000000000000000000400000000000000000000000100000800000000000000000000000200400000000000000000000080000000001000000000000020000000000000000000000008000
	0000000000000000000020000000000000000000000000000840000000000000000000000010000002000000000000000004000000000000000000000001000000000000000000000000000000380A000031B40000000000000080000000004000002000000000100000080000000004000002000000000100000000008000
	0040000000002000001000000000080000040000000002000001000000000080000000004000002000000000100000080000000004000002000000000100000000001C0900003C8B00000080002000080002000000000000000000000000000000000000000040001000040001000040001000040001000000000000000000
	000000000000000000800020000800020000800020000800020000000000000000000000000000000000000000400010000400010000001C020000280A000000000000000000000000000000000000000000000000000000000000000000000000000000000000000000000000000000000000000000000000000000000000
	000000000000000000000000000000000000000000000000000000000000000000000000000000001B0300005ACF000000000000000000000000000000000000000000000000000000000000000000000000000000000000000000000000000000000000000000000000000000000000000000000000000000000000000000
	0000000000000000000000000000000000000000001A0400005ACF00000000000000000000000000000000000000000000000000000000000000000000000000000000000000000000000000000000000000000000000000000000000000000000000000000000000000000000000000000000000000000000000000000000
	00001A0400006860000000000000000000000000000000000000000000000000000000000000000000000000000000000000000000000000000000000000000000000000000000000000000000000000000000000000000000000000000000000000000000000000000000000000000000001B0E0000686000000000000000
	0000000000000000000000000000000000000000000000000000000000000000000000000000000000000000000000000000000000000000000000000000000000000000000000000000000000000000000000000000000000000000000000000000001B0E000067D600000000000000010000000000000000000000000000
	000000000000000000000000000000000000000000000000000000000000000000000000000000000000000000000000000000000000000000000000000000000000000000000000000000000000000000008000000000001C0D00009751000000040004008000801000100000000000002000200400040080008000000800
	08010001002000200000020002004000400800080000000000001000100200020040004000000400040080008010001000000100010020002004000400000000000008000801000100200020001C0D0000F5410000000000000000000000000000000000000000000000000000000000000000000000000000000000000000
	0000000000000000000000000000000000000000000000000000000000000000000000000000000000000000000000000000000000000000000000000000000000001C0D0000068B00000000000000000000000000000000000000000000000000000000000000000000000000000000000000000000000000000000000000
	00000000000000000000000000000000000000000000000000000000000000000000000000000000000000000000000000000000000000000000000000000000000000000000000000000000000000000000000000000000000000000000000000000000000000000000000000000000000000000000000000000000000000
	0000000000000000000000000000000000000000000000000000000000000000360C0000068B0000000000000000000000000000000000000000000000000000000000000000000000000000000000000000000000000000000000000000000000000000000000000000000000000000000000000000000000000000000000
	0000000000000000000000000000000000000000000000000000000000000000000000000000000000000000000000000000000000000000000000000000000000000000000000000000000000000000000000000000000000000000000000000000000000000000000000000000000000000000000000000000000000360C
	00003E54000000000001000100000000000000000000000000000000000000000000000000000000000000000000000000000000000000000000000000000000000000000000000000000000000000000000000000000000000000000000000000000000000000000000000000000000000000000000000000000000000000
	0000000000000000000000000000000000000000000000000000000000000000000000000000000000000000000000000000000000000000000000000000000000000000000000000000000000000000000000000080008000000000000000370B0000C3140000000000000000000000000000000000000000000000000000
	00000000000000000000000000000000000000000000000000000000000000000000000000000000000000000000000000000000000000000000000000000000000000000000000000000000000000000000000000000000000000000000000000000000000000000000000000000000000000000000000000000000000000
	0000000000000000000000000000000000000000000000000000000000000000000000000000000000000000000000000000000000000000000000000000000000370B0000C3140000000000000000000000000000000000000000000000000000000000000000000000000000000000000000000000000000000000000000
	00000000000000000000000000000000000000000000000000000000000000000000000000000000000000000000000000000000000000000000000000000000000000000000000000000000000000000000000000000000000000000000000000000000000000000000000000000000000000000000000000000000000000
	0000000000000000000000000000000000000000000000000000000000000000000000370B000045340000000000000000000000000000000000000000000000000000000000000000000000000000000000000000000000000000000000000000000000000000000000000000000000000000000000000000000000000000
	00000000000000000000000000000000000000000000000000000000000000000000000000000000000000000000000000000000000000000000000000000000000000000000000000000000000000000000000000000000000000000000000000000000000000000000000000000000000000000000000000000000350000
	00453400000000000000000000000000000000000000000000000000000000000000000000000000000000000000000000000000000000000000000000000000000000000000000000000000000000000000000000000000000000000000000000000000000000000000000000000000000000000000000000000000000000
	00000000000000000000000000000000000000000000000000000000000000000000000000000000000000000000000000000000000000000000000000000000000000000000000000000000000000000000000000003500000045340000000000000000000000000000000000000000000000000000000000000000000000
	00000000000000000000000000000000000000000000000000000000000000000000000000000000000000000000000000000000000000000000000000000000000000000000000000000000000000000000000000000000000000000000000000000000000000000000000000000000000000000000000000000000000000
	00000000000000000000000000000000000000000000000000000000000000000000000000000000000000000000000035000000453400000000000000000000000000000000000000000000000000000000000000000000000000000000000000000000000000000000000000000000000000000000000000000000000000
	00000000000000000000000000000000000000000000000000000000000000000000000000000000000000000000000000000000000000000000000000000000000000000000000000000000000000000000000000000000000000000000000000000000000000000000000000000000000000000000000000000000000000
	00000000000000000000350000009F47000000000000000000000000000000000000000000000000000000000000000000000000000000000000000000000000000000000000000000000000000000000000000000000000000000000000000000000000000000000000000000000000000000000000000000000000000000
	00000000000000000000000000000000000000000000000000000000000000000000000000000000000000000000000000000000000000000000000000000000000000000000000000000000000000000000000000000000000000000000000000000000000000360500009F47000000000000000000000000000000000000
	00000000000000000000000000000000000000000000000000000000000000000000000000000000000000000000000000000000000000000000000000000000000000000000000000000000000000000000000000000000000000000000000000000000000000000000000000000000000000000000000000000000000000
	000000000000000000000000000000000000000000000000000000000000000000000000000000000000000000000000000000000000000000000000000000000000000000360500005BEE00000000000000010000000000000000000000000000000000000000000000000000000000000000000000000000000000000000
	00000000000000000000000000000000000000000000000000000000000000000000000000000000000000000000000000000000000000000000000000000000000000000000000000000000000000000000000000000000000000000000000000000000000000000000000000000000000000000000000000000000000000
	00000000000000000000000000000000000000800000000000000034060000189200000000000000000000000000000000000000000000000000000000000000000000000000000000000000000000000000000000000000000000000000000000000000000000000000000000000000000000000000000000000000000000
	00000000000000000000000000000000000000000000000000000000000000000000000000000000000000000000000000000000000000000000000000000000000000000000000000000000000000000000000000000000000000000000000000000000000000000000000000000000340600001892000000000000000000
	00000000000000000000000000000000000000000000000000000000000000000000000000000000000000000000000000000000000000000000000000000000000000000000000000000000000000000000000000000000000000000000000000000000000000000000000000000000000000000000000000000000000000
	00000000000000000000000000000000000000000000000000000000000000000000000000000000000000000000000000000000000000000000000000000000000000000000340600000A82000000000000000000000000000000000000000000000000000000000000000000000000000000000000000000000000000000
	00000000000000000000000000000000000000000000000000000000000000000000000000000000000000000000000000000000000000000000000000000000000000000000000000000000000000000000000000000000000000000000000000000000000000000000000000000000000000000000000000000000000000
	00000000000000000000000000000000000000003201000043640000000000000000000000000000000000000000000000000000000000000000000000000000000000000000000000000000000000000000000000000000000000000000000000000000000000000000000000000000000000000000000000000000000000
	00000000000000000000000000000000000000000000000000000000000000000000000000000000000000010000000000000000000000000000000000000000000000000000000000000000000000000000000000000000000000000000000000000000000000000000000000000000000000000000000000380F000091B4
	00000000000100010000000000000000000000000000000000000000000000000000000000000000000000000000000000000000000000000000000000000000000000000000000000000000000000000000000000000000000000000000000000000000000000000000000000000000000000000000000000000000000000
	0000000000000000000000000000000000000000000000000000000000000000000000000000000000000000000000000000000000000000000000000000000000000000000000000000000000000000000000000080008000000000000000380F000026010000000000000000000000000000000000000000000000000000
	00000000000000000000000000000000000000000000000000000000000000000000000000000000000000000000000000000000000000000000000000000000000000000000000000000000000000000000000000000000000000000000000000000000000000000000000000000000000000000100000000000000000000
	000000000000000000000000000000000000000000000000000000000000000000000000000000000000000000000000000000000000000000000000000000000000000000380F00006FE300000000000000000000000000000000000000000000000000000000000000000000000000000000000000000000000000000000
	00000000000000000000000000000000000000000000000000000000000000000000000000000000000000000000000000000000000000000000000000000000000000000000000000000000000000000000000000000000000000000000000000000000000000000000000000000000000000000000000000000000000000
	00000000000000000000000000000000000000000000000000000000000000351000006FE3000000000000000000000000000000000000000000000000000000000000000000000000000000000000000000000000000000000000000000000000000000000000000000000000000000000000000000000000000000000000
	000000000000000000000000000000000000000000000000000000000000000000000000000000000000000000000000000000000000000000000000000000000000000000000000000000000000000000000000000000000000000000000000000000000000000000000000000000000000000000000000351000006FE300
	00000000000000000000000000000000000000000000000000000000000000000000000000000000000000000000000000000000000000000000000000000000000000000000000000000000000000000000000000000000000000000000000000000000000000000000000000000000000000000000000000000000000000
	0000000000000000000000000000000000000000000000000000000000000000000000000000000000000000000000000000000000000000000000000000000000000000000000000000000000000000000035100000CA1E000000000000000000000000000000000000000000000000000000000000000000000000000000
	00000000000000000000000000000000000000000000000000000000000000000000000000000000000000000000000000000000000000000000000000000000000000000000001C070000CA1E0000000000000000000000000000000000000000000000000000000000000000000000000000000000000000000000000000
	0000000000000000000000000000000000000000000000000000000000000000000000000000000000000000000000000000000000000000000000001C07000053BC0000D2B44BAC2D4AF47292944BAC7D6AA452929C5FA4696AA45A97945AA66968A55A96965AE5E929255A96D6FAA54939254ABED6D2B549292F4EB4D2D2
	B54B2D2DCAB453D2B44BAD2D4B747212944BAD7D6B2452129C5FA5696B245A17945AA76969255A16965AE500291B080000398A00000080000000000000000000000020000000000000000000000000000840000000000000000000000010000002000000000000000004000000000000000000000001000000000000000000
	00000040000000000000000000000010000080000000000000000000000020040000000000000000000008000000000100000000000002000000000000000000000000800000000000000000000000200000000000000000000000000008400000000000000000000000100000020000000000000000040000000000000000
	00000001000000000000000000000000000000380A0000AA43000000000000008100000000400000200000000010000008000000000400000200000000010000000000800000400000000020000010000000000800000400000000020000010000000000800000000040000020000000001000000800000000040000020000
	80000100000000001C0900003C8B00000080002000080002000000000000000000000000000000000000000040001000040001000040001000040001000000000000000000000000000000000000800020000800020000800020000800020000000000000000000000000000000000000000400010000400010000001C0200
	00280A000000000000000000000000000000000000000000000000000000000000000000000000000000000000000000000000000000000000000000000000000000000000000000000000000000000000000000000000000000000000000000000000000000000000000000001B0300005ACF000000000000000000000000
	0000000000000000000000000000000000000000000000000000000000000000000000000000000000000000000000000000000000000000000000000000000000000000000000000000000000000000000000000000000000001A0400005ACF00000000000000000000000000000000000000000000000000000000000000
	00000000000000000000000000000000000000000000000000000000000000000000000000000000000000000000000000000000000000000000000000000000000000000000001A0400005BA00000000000010001000000000000000000000000000000000000000000000000000000000000000000000000000000000000
	00000000000000000000000000000000000000000000000000000000000000000000000000000000000000000000000080008000000000001B0E000068600000000000000000000000000000000000000000000000000000000000000000000000000000000000000000000000000000000000000000000000000000000000
	00000000000000000000000000000000000000000000000000000000000000000000000000000000001B0E0000F5410000000000000000000000000000000000000000000000000000000000000000000000000000000000000000000000000000000000000000000000000000000000000000000000000000000000000000
	0000000000000000000000000000000000000000000000000000000000001C0D0000975100000004000400800080100010000000000000200020040004008000800000080008010001002000200000020002004000400800080000000000001000100200020040004000000400040080008010001000000100010020002004
	000400000000000008000801000100200020001C0D0000F541000000000000000000000000000000000000000000000000000000000000000000000000000000000000000000000000000000000000000000000000000000000000000000000000000000000000000000000000000000000000000000000000000000000000
	00000000000000001C0D0000068B0000000000000000000000000000000000000000000000000000000000000000000000000000000000000000000000000000000000000000000000000000000000000000000000000000000000000000000000000000000000000000000000000000000000000000000000000000000000
	0000000000000000000000000000000000000000000000000000000000000000000000000000000000000000000000000000000000000000000000000000000000000000000000000000000000000000000000000000000000000000000000000000000000360C0000068B0000000000000000000000000000000000000000
	00000000000000000000000000000000000000000000000000000000000000000000000000000000000000000000000000000000000000000000000000000000000000000000000000000000000000000000000000000000000000000000000000000000000000000000000000000000000000000000000000000000000000
	00000000000000000000000000000000000000000000000000000000000000000000000000000000000000000000000000000000000000000000000000000000000000360C0000C314000000000000000000000000000000000000000000000000000000000000000000000000000000000000000000000000000000000000
	00000000000000000000000000000000000000000000000000000000000000000000000000000000000000000000000000000000000000000000000000000000000000000000000000000000000000000000000000000000000000000000000000000000000000000000000000000000000000000000000000000000000000
	00000000000000000000000000000000000000000000000000000000000000000000000000370B0000C314000000000000000000000000000000000000000000000000000000000000000000000000000000000000000000000000000000000000000000000000000000000000000000000000000000000000000000000000
	00000000000000000000000000000000000000000000000000000000000000000000000000000000000000000000000000000000000000000000000000000000000000000000000000000000000000000000000000000000000000000000000000000000000000000000000000000000000000000000000000000000000000
	00000000000000370B0000D463000000000000000100000000000000000000000000000000000000000000000000000000000000000000000000000000000000000000000000000000000000000000000000000000000000000000000000000000000000000000000000000000000000000000000000000000000000000000
	0000000000000000000000000000000000000000000000000000000000000000000000000000000000000000000000000000000000000000000000000000000000000000000000000000000000000000000000000000000000000000000080000000000000000000370B000045340000000000000000000000000000000000
	00000000000000000000000000000000000000000000000000000000000000000000000000000000000000000000000000000000000000000000000000000000000000000000000000000000000000000000000000000000000000000000000000000000000000000000000000000000000000000000000000000000000000
	00000000000000000000000000000000000000000000000000000000000000000000000000000000000000000000000000000000000000000000000000000000000035000000453400000000000000000000000000000000000000000000000000000000000000000000000000000000000000000000000000000000000000
	00000000000000000000000000000000000000000000000000000000000000000000000000000000000000000000000000000000000000000000000000000000000000000000000000000000000000000000000000000000000000000000000000000000000000000000000000000000000000000000000000000000000000
	00000000000000000000000000000000000000000000000000000000350000004534000000000000000000000000000000000000000000000000000000000000000000000000000000000000000000000000000000000000000000000000000000000000000000000000000000000000000000000000000000000000000000
	00000000000000000000000000000000000000000000000000000000000000000000000000000000000000000000000000000000000000000000000000000000000000000000000000000000000000000000000000000000000000000000000000000000000000000000000000000000000000000035000000453400000000
	00000000000000000000000000000000000000000000000000000000000000000000000000000000000000000000000000000000000000000000000000000000000000000000000000000000000000000000000000000000000000000000000000000000000000000000000000000000000000000000000000000000000000
	00000000000000000000000000000000000000000000000000000000000000000000000000000000000000000000000000000000000000000000000000000000000000000000000000000000000000350000007C85000000000001000100000000000000000000000000000000000000000000000000000000000000000000
	00000000000000000000000000000000000000000000000000000000000000000000000000000000000000000000000000000000000000000000000000000000000000000000000000000000000000000000000000000000000000000000000000000000000000000000000000000000000000000000000000000000000000
	000000000000000000000000000000000000000000000000000000000000000000000000008000800000000000360500009F4700000000000000000000000000000000000000000000000000000000000000000000000000000000000000000000000000000000000000000000000000000000000000000000000000000000
	00000000000000000000000000000000000000000000000000000000000000000000000000000000000000000000000000000000000000000000000000000000000000000000000000000000000000000000000000000000000000000000000000000000000000000000000000000000000000000000000000000000000000
	00000000000000000000003605000018920000000000000000000000000000000000000000000000000000000000000000000000000000000000000000000000000000000000000000000000000000000000000000000000000000000000000000000000000000000000000000000000000000000000000000000000000000
	000000000000000000000000000000000000000000000000000000000000000000000000000000000000000000000000000000000000000000000000000000000000000000000000000000000000000000000000000000000000000000000000340600002DFA00000000000000000000000000000000000000000000000000
	00000000000000000000000080000000000000000000000000000000000000000000000000000000000000000000000000000000000000000000000000000000000000000000000000000000000000000000000000000000000000000000000000000000000000000000000000000000000000000000000000000000000000
	00000000000000000000000000000000000000400000000000000000000000000000000000000000004000000000000000000000000034060000189200000000000000000000000000000000000000000000000000000000000000000000000000000000000000000000000000000000000000000000000000000000000000
	00000000000000000000000000000000000000000000000000000000000000000000000000000000000000000000000000000000000000000000000000000000000000000000000000000000000000000000000000000000000000000000000000000000000000000000000000000000000000000000000000000000000000
	00000000000000000000000034060000F8F000000000000000000000000000000000000000000000000000800000000000000000000000000000000000000000000000000000000000000000000000000000000000000000000000000000000000000000000000000000000000000000000000000000000000000000000000
	000000000000000000000000000000000000000000000000000000000000000000000000000000000000000000000000400000000000000000000000000000000000400000000000000000000000000000000000000000000032010000BA5C0000000000000000000000000000000000000000000000000000000000000000
	00000000000000000000000000000000000000000000000000000000000000000000000000000000000000000000000000000000000000000000000000000000000000000000000000000000000000000000000000000000000000000000000000000000000000000000000000000000000000000000000000000000000000
	000000000000000000000000000000000000000000000000000000000000000000000000000000000000000000000000000000000000000000000000000000380F0000BA5C00000000000000000000000000000000000000000000000000000000000000000000000000000000000000000000000000000000000000000000
	00000000000000000000000000000000000000000000000000000000000000000000000000000000000000000000000000000000000000000000000000000000000000000000000000000000000000000000000000000000000000000000000000000000000000000000000000000000000000000000000000000000000000
	00000000000000000000000000000000000000000000000000000000000000000000000000380F0000BA5C000000000000000000000000000000000000000000000000000000000000000000000000000000000000000000000000000000000000000000000000000000000000000000000000000000000000000000000000
	00000000000000000000000000000000000000000000000000000000000000000000000000000000000000000000000000000000000000000000000000000000000000000000000000000000000000000000000000000000000000000000000000000000000000000000000000000000000000000000000000000000000000
	0000000000000000000000380F0000A7490000000000000001000000000000000000000000000000000000000000000000000000000000000000000000000000000000000000000000000000000000000000000000000000000000000000000000000000800000000000000000000000000000000000000000000000000000
	00000000000000000000000000000000008000000000000000000000000000000000000000800000000000800080000000000000000000000000000000000000000000000000000000000000000000000000000000000000000080000000000000000000351000006970000000000000000000000000000000000000000000
	00000000000080000000000000000000000000000000000000000000000000000000000000000000000000000000000000000000800000000000000000000000000000000000000080000000000000000000000000000000000000000000000000000000000000000000000000000000000000000000000000000000000000
	00000000004000400000000000000000000000000000004000800080000000000000008000000000000000000000000000000000004000000000000000003510000057EF0000000000000000000000000000000000000000000000000000008000000000000000000000000000000000000000000000000000000000000000
	00000000000000000000000080000000000000000000000000008000000000000000000000000000000000000000000000000000000000000000000000000000000000000000800000000000000000000000000000000000000080000000C00040008000000000000000000000000000000040008000000000000000800000
	00000000000000000000000000400000000000000000000035100000CA1E00000000000000000000000000000000000000000000000000000000000000000000000000000000000000000000000000000000000000000000000000000000000000000000000000000000000000000000000000000000000000000000000000
	000000000000000000000000001C0700005EB2000000000000000000000000000000000000000000000000008000000000008000800000000000000080000000000080008000000000000000000000000000800080000000000080000000000000000000000000000000000000000000000000000000000000000000000000
	00001C070000607C0000D2B44BAD2D4BF47292944BAC7D6AA452929C5FA4696AA45A97945AA66968A55A96965AE5E929255A96D6FAA54939254ABED6D2B549292F4EB4D2D2B54B2D2DCAB453D2B44BAD2D4B747212944BAD7D6B2452129C5FA5696B245A17945AA76969A55A96965AE500291B080000F13600000080000000
	00000000000000002000000000000000000000000000084000000000000000000000001000000200000000000000000400000000000000000000000100000000000000000000000040000000000000000000000010000080000000008000000000000020040000000000800000000008000000000100000000000002000000
	00000000000000000080000000000000000000000020008000000000000000000000000840000000000000000000000010000002000000000080000004000000000000000000008001800000000000000000000000000000380A00008CC6000000000000008000000000400000200000000010000008000000000400000200
	00000001000000000080000040000000002000001000000000080000040000000002000001000000000080000000004080002000000080100000880080000004000002000000000100000000001C09000089CE000000800020000800820000000000000000000000000000000000000000400010000400010000C000900084
	00810080000000000000000000000080008000808080208008800200008000200008000200000000008000C0008000000000000000000000400010800480010000001C020000DB5700000000000000000000000000000000000000000000000000000000000000000000000000000000008000000000000000000000000000
	0000000000000000000000008000000000008000000080008000C00000000000000080000000800080000000000000004000001B030000DC5700000000000000000000000000000000000000000000000000000000008000800080008000800000000000000000000000800080008000800080008000000080000000000080
	00000000000000800080008000000080000000000080000000000000000000001A0400009E900000000000000000000000000000000000000000000000000000000000800080008000800000008000000000000000000080008000800080008000800080008000000080000000000000008000C00080008000800080000000
	000080000000400000000000001A040000C11D0000008000800080000000800080008000800080008000800000008000800000000000800080008000000000000000000000000000000000000000000000000000000000000000000000008000800040004000C0004000C0004000400080004000C00040004000C000001B0E
	000080CC0000008000800080008000000080008000800080008000800080000000000080008000000080008000000000000000000000000000000000000000000000000000000000000000000080008000800040004000C0004000C00040000000C000C000C00040004000C000001B0E00000D030000000000000001000000
	0000000000000000000000000000000000008000800000000000800000000000000000000000000080000000000000000000000000000000000000000000000000000000800080008000000080000000800000008000800080008000008080008000001C0D0000F37400000084008400000000108010000080008000A000A0
	04800480808080000008008801800100208020800002000200400040080008800000008000900010020002004000400000040004000000801000108000C1004100E0006004C00440008000C000C80048014001C020C020401C0D00005C39000000800000008000800000008000800000000000800080000000000080008000
	00000000800080000000000080008000000000008000800000000000800080000000000080008000000080000000000080008000400040000000000040004000000080004000400080008000401C0D000034ED0000008000000000008000000000008000000000000000800000000000000080000000800000008000000080
	0000000000000080000000000000008000000000000000800000008000000080000000000000000000000000008000000000000000000000008000000000008000800000000000800000000000800000000000000000000000000000000000000000000000000000008000000040008000C000000040004000800000004000
	0000C00000004000000000000000400000008000000040008000C000000040008000C00000004000800000360C0000C360000000000000000000000000008000000080000000000000008000000000000000800000000000000080000000000080000000000000008000000000000000800000000000000000008000000000
	0000008000000000000000800000000000800080000000800000000000000080000000000080000000000080000000000000008000000000000000800000000000000000008000800000000000C00080000000000040008000000000004000800040000000400000000000000040008000000000004000800000000000C000
	800000000000400000360C0000DE6D00000000000100010000000000000000000000000000000000000000008000000000008000000080000000000000008000000000008000800000000000000000000000000000000000000080000000000000000000800000000000000000000000000000000000000080000000800000
	00000000000000000000000000000000000000000000000000000000000000000000008000000080000000000000000000000000000000000000000000000000000000000000000000400000000000000000008000000080000000000000000080008000000000000000370B0000F17E000000000000000000000000000000
	00000000000000000000000000000000000000000000000000000000800000000000000000000000000000000000000000000000000000000000000000000000000000000000000000000000000000008000000000000000000000000000000000000000800000000000000000008000000000000000000000000000000000
	00000000000000000040000000000000000000400000000000000000008000000000000000000000000000800000000000000000000000000000008000000000000000400000004000000000370B00000CD5000000000000000000000000000000000000000000000000000000000000000000000000000000000000000000
	00000000000000000000000000000000800000000000000080000000800000000000000080000000000000000000800000000000000000000000000000000000000000008000000000000000800000000000000080000000000000000000000000000000000000000000000000008000000000000000000000000000000000
	00000000000000000000000000000000000000000000000000000000000000000000000000000000000000000000370B0000D883000000800080000000000000000000000000000000800000000000000000000000000000000000000000000000000000000000000000000000000000000000000000000000000000000000
	00000000000000000000000000000000000000000000000000000000000000000000000000000000000000000000000000000000000000000000000000000000000000000000000000000000000000000000000000000000C00000000000000000000000000000000000000000000000000000000000000000000000000000
	00000000000000003500000036B60000000000000000000000000000000000000000000000000000000000000000000000000000000000000000000000000000000000000000000000000000000000000000000000000000000000000000000000000000000000000000000000000000000000800000008000000000000000
	00000000000000000000000000000000000000000000800000000000000000000000800000000000000000000000000000000000000000000000000000000000000000000000000000000000400080000000C00000000000000000000000800000350000006A92000000000000000000800000000000000080000000000000
	00800000000000000080000000000000000000000000000000000000000000000000000000000000008000000000000000000000000000800000000000000080000000000000008000000000000000000000000000800000000000000000008000000000000000800000000000000080000000000000004000000000000000
	C00000000000000040000000000000004000000080000000400000000000000040000000000000004000000000000000C00000000000000000000035000000EFAD0000008000000000000000000000000000000000000000000000000000000000000000000000000000000000000000000000000000000000000000000000
	00000000000000000000000000000000000000000000000000000000000000000000000000800000000000000000000000000000000000000000000000000000000000000000000000000000000000000000000000000000000000000000000000000000000000000000000000000000000000000000000000000000000000
	8000000000000000000000000000000080000000003500000085F200000000000000800080000000000000008000000000000000800000000000000080000000000000000000000000000000000000000000000000000000000000008000000000000000000000000000000000000000000000000000000000000000000000
	00000000000000000000000000000000000000000000000000000000000000000000000000000000000000000000004000000000008000400000008000000040000000000000004000000000000000400000000000000040000000000000004000000000000000400000000000000000000036050000D42200000000000000
	00000000000000000000000000000000000000000000000000000000000000000000000000000000000000000000000000000000000000000000000000000000000000000000000000000000000000008000000000000000000080000000000000000000000000000000000000000000000000000000000000000000000000
	00000000000000800000000000000000000000000000000000000000000000000000004000000000000000000000000000000000008000000000000000000000000000000080000000000000000000003605000097580000000000000001000000000000000000000000000000000000000000000000000000000000000000
	000000000000000000000000000000000000800000000000000000000000000000000000000000000000000000000000000000000000000000000000000000000000000000000000000000000000000000000000000000000000000000000000000000000000000000000000000000000000000000000000C0000000000000
	0000000000000000000000000000000000000000000000000000000000008000000000000000340600000D130000000000000000000000000000000000000000000000000000000000000000000000000000002000000000000000000000000000000000000000000000000000000000000000000000000000000000000000
	00000000000000000000000000000000000000000000000000000000000000000000000000000000000000000000000000000000000000000000000000000000000000000000000000000000000000000000000000000000000000000000000000000000000000000000000000000000000000000000000000000034060000
	FD920000000000000000000000000000000000000080000000000000000000000000000000000000000000000000000000000000000000000000000000000000000000000000000000000000000000000000000000000000000000000000000000000000008000000000000000000000000000000000000000000000000000
	00000000000000000000000000000000000000000000000000008000000000000000800000000000000000004000000000000000000000000000000000000000000000000000000000000000000000000034060000E45D00000000008000000000000000000000000000000000000000000000000000000000000000000000
	000000000000008000000000000000000000000000000000000000000000000000000000000000000000000000800000000000000000000000000000000000000000000000000000000000000000000000000000000000000000000000000080000000000080000000C0000000000000000000000000000000000000000000
	000000000000000000000000000000000000000000000000000000000000003201000069FA000000000000000000800000000000000000000000000000000000000000000000000000000000000000000000000000000000000000000000000000000000000000000000000000000000000000000000000000000000000000
	00000000000000000000000000000000000000800000000000000000000000000000000000000000008000000000000000000000000000000000008000000000000000000000000000000000000000800000000000000000000000000000000000000000000000000000000000000000000000000000000000000000000000
	0000000000380F0000B4AA0000000000010001008000000000000000000000000000000000000000000000000000000000008000000000000000000000000000000000000000000000000000000000000000000000000000000000000000000000000000000000000000000000000000000000000000000000000000000000
	00000000000000000080000000000000000000000000000000000000000000000000000000000000000000000040000000000080000000000000000000000000000000000000000000000000000000000000000000000080000000000040000080008000000000000000380F0000A9FF000000000000000000000000000000
	00000000000000000000000000000000800000000000000000000000000000000000000000000000000000000000000000000000000000000000000000008000000000000000000000000000000000000000000000000000000000000000800000000000000000000000000000000000000000008000000000000000000000
	0000000000000000000000000000000000000000000000000000000000000000000000000000000000000000000000000040000000000000000000000000000000000000000000000000000000000000380F00006F720000010000000000000000000000000000000000000000000000000000000000000000000000000000
	80000000000000008000000000000000800000000000000000000000800000000000000000000000000000000000000000000000000000000000000000010000000000000000000000000000000000000000000000000000000000000000000040000000000000000000000000000000000000000000000000000000000000
	00000000000000000000000000000080000000000000000000000000000000000000333300007782000000000000000000000000000000000000000000000000000000000000000000000000000000000000000000000000000000000000000000000000000000000000000000000000000000000000000000000000000000
	00000000000000000000000000000000000000000000000000000000000000000000000000000000000000000000000000000000000000000000000000000000000000000000000000000000000000000000000000000000000000000000000000000000000000000000000000000000000000333300006F72000001000000
	00000000000000000000000000000000000000000000000000000000000000000000008000000000000000800000000000000080000000000000000000000080000000000000000000000000000000000000000000000000000000000000000001000000000000000000000000000000000000000000000000000000000000
	00000000400000000000000000000000000000000000000000000000000000000000000000000000000000000000000000008000000000000000000000000000000000000033330000C17700000000000000000000000000000000000000000000000000000000000000000000000000000000000000000000000000000000
	0000000000000000000000000000000000000000000000000000000000000000000000000000000000000000000000000000000000001B160000DFE700000000000000000000000000000000000000000000000000000000000000000000000000000000000000000000000000000000000000000000000000000000000000
	00000000000000000000000000000000000000000000000000000000000000000000000000000000000000000000000000000000000000000000000000000000000000000000000000000000000000000000000000000000000000000000000000000000000000000000000000000000000000000000000000000000000000
	0000000000000000000000000000000000000000000000000000000038110000ECD7000000000000000000000000000000000000000000000000000000000000000000000000000000000000000000000000000000000000000000000000000000000000000000000000000000000000000000000000000000000000000000
	000000000000000000000000000000000000000000000000000000000000000000000000000000000022130000ECD70000000000000000000000000000000000000000000000000000000000000000000000000000000000000000000000000000000000000000000000000000000000000000000000000000000000000000
	00000000000000000000000000000000000000000000000000000000000000000000000000000000000000000000000000000000000022130000ECD700000000000000000000000000000000000000000000000000000000000000000000000000000000000000000000000000000000000000000000000000000000000000
	0000000000000000000000000000000000000000000000000000000000000000000000000000000000000000000000000000000000000000000000000000000000000022130000BE6B000000000000000000000000000000000000000000000000000000000000000000000000000000000000000000000000000000000000
	00000000000000000000000000000000000000000000000000000000000000000000000000000000000000000000000000000000000000000000000000000000000000000000000000000000000000000000000000000000000000000000000000000000000000000000000000000000000000000000000000000000000000
	0000000000000000000000000031180000BE6B000000000000000000000000000000000000000000000000000000000000000000000000000000000000000000000000000000000000000000000000000000000000000000000000000000000000000000000000000000000000000000000000000000000000000000000000
	000000000000000000000000000000000000000000000000000000000000000000000000000000000000000000000000000000000000000000000000000000000000000000000000000000000000000000000000000031180000BE6B0000000000000000000000000000000000000000000000000000000000000000000000
	00000000000000000000000000000000000000000000000000000000000000000000000000000000000000000000000000000000000000000000000000000000000000000000000000000000000000000000000000000000000000000000000000000000000000000000000000000000000000000000000000000000000000
	0000000000000000000000000000000000000000000000000000000000000000311800009444000000000000555500000000FFFF00000000000000000000FFFF00000000AAAAAAAA000000000000AAAA00000000FFFF00000000000000000000FFFF0000000055555555000000000000555500000000FFFF00000000000000
	000000FFFF00000000AAAAAAAA000000001B190000230F000000000000000000000000000000000000000000000000000000000000AAAA000000000000000000000000000000000000000000000000000000000000000055550000000000000000000000000000000000000000000000000000000000000000AAAA00000000
	00001B19000068C500000000000000000000FFFFFFFF00000000FFFF0000FFFF000000000000AAAA000000000000000000000000FFFFFFFF00000000FFFF0000FFFF0000000000005555000000000000000000000000FFFFFFFF00000000FFFF0000FFFF000000000000AAAA0000000000001B190000A9BC00000000000000
	00000000000000000000000000000000000000000000000000000000000000000000000000000000000000000000000000000000000000000000000000000000000000000000000000000000000000000000000000000000000000000000000000000000000000000000000000000000000000000000000000000000000000
	000000000000000000000000000000000000000000000000281A0000A9BC00000000000000000000000000000000000000000000000000000000000000000000000000000000000000000000000000000000000000000000000000000000000000000000000000000000000000000000000000000000000000000000000000
	00000000000000000000000000000000000000000000000000000000000000000000000000000000000000000000000000000000000000000000000000281A0000A9BC000000000000000000000000000000000000000000000000000000000000000000000000000000000000000000000000000000000000000000000000
	0000000000000000000000000000000000000000000000000000000000000000000000000000000000000000000000000000000000000000000000000000000000000000000000000000000000000000000000000000000000000000000000000000281A0000C8BC0000000000000000000000000000000000000000000000
	00000000000000000000000000000000000000000000000000000000000000000055550000000000000000000000000000000000000000000000000000000000000000000000000000000000000000000000000000000000000000AAAA00000000000000000000000000000000000000000000000000000000000000000000
	000000000000000000000000000000000000000000005555000000002D1B0000558D000000000000000000000000000000000000000000000000000000000000000000000000000000000000000000000000000000000000555555555555000000000000000000000000000000000000000000000000000000000000000000
	00000000000000000000000000000000000000AAAAAAAAAAAA0000000000000000000000000000000000000000000000000000000000000000000000000000000000000000000000000000000055555555555500002D1B00000416000000000000000000000000000000000000000000000000000000000000000000000000
	0000000000000000000000000000000000000000000055550000000000000000000000000000000000000000000000000000000000000000000000000000000000000000000000000000000000000000AAAA000000000000000000000000000000000000000000000000000000000000000000000000000000000000000000
	0000000000000000000000555500002D1B0000C8BC00000000000000000000000000000000000000000000000000000000000000000000000000000000000000000000000000000000000000005555000000000000000000000000000000000000000000000000000000000000000000000000000000000000000000000000
	0000000000000000AAAA00000000000000000000000000000000000000000000000000000000000000000000000000000000000000000000000000000000000000005555000000002D1B0000F0110000AAAA000000000000000000000000000000000000000000000000000000000000000000000000000000000000000000
	000000000055555555000055550000000000000000000000000000000000000000000000000000000000000000000000000000000000000000000000000000AAAAAAAA0000AAAA0000000000000000000000000000000000000000000000000000000000000000000000000000000000000000000000000000555555550000
	00002D1B0000985E0000000000000000000000000000000000000000000000000000000000000000000000000000000000000000000000000000000000000000000000000000000000000000000000000000000000000000000000000000000000000000000000000000000000000000000000000000000000000000000000
	00000000000000000000000000000000000000000000000000000000000000000000000000000000000000000000000000000000000000000000002D1B0000342C000000000000AAAA000000000000000000000000000000000000000000000000000000000000000000000000000000000000000000005555555500000000
	0000555500000000000000000000000000000000000000000000000000000000000000000000000000000000000000000000AAAAAAAA000000000000AAAA0000000000000000000000000000000000000000000000000000000000000000000000000000000000000000000055555555000000002D1B000065B70000000000
	00AAAA000000000000000000000000000000000000000000000000000000000000000000000000000000000000000000000000000000000000000055550000000000000000000000000000000000000000000000000000000000000000000000000000000000000000000000000000000000000000AAAA0000000000000000
	000000000000000000000000000000000000000000000000000000000000000000000000000000000000000000002D1B0000985E000000000000000000000000000000000000000000000000000000000000000000000000000000000000000000000000000000000000000000000000000000000000000000000000000000
	000000000000000000000000000000000000000000000000000000000000000000000000000000000000000000000000000000000000000000000000000000000000000000000000000000000000000000000000000000000000000000000000000000000000002D1B0000D2DC000000000000000000000000000000000000
	00000000000000000000000000000000000000000000000000000000000000000000000000000000000000000000000000000000000000000000000000000000000000000000000000000000000000000000000000000000000000000000000000000000000000000000000000000000000000000000000000000000000000
	000000000000000000000000000000000000000000000000000000000000000000000000000000000000000000000000000000000000000000331F0000BCAF00000000000000000000000000000000000000000000000000000000000000000000000000000000000000000000000000000000000000000000000000000000
	00000000000000000000000000000000000000000000000000000000000000000000000000000000000000000000000000000000000000000000000000000000000000000000000000000000000000000000000000000000000000000000000000000000000000000000000000000000000000000000000000000000000000
	000000000000000000000000000000000000000000000036340000BCAF0000000000000000000000000000000000000000000000000000000000000000000000000000000000000000000000000000000000000000000000000000000000000000000000000000000000000000000000000000000000000000000000000000
	000000000000000000000000000000000000000000000000000000000000000000000000000000000000000000000000000000000000000000000000000000000000000000000000000000000000000000000000000000000000000000000000000000000000000000000000000000000000000036340000BCAF0000000000
	00000000000000000000000000000000000000000000000000000000000000000000000000000000000000000000000000000000000000000000000000000000000000000000000000000000000000000000000000000000000000000000000000000000000000000000000000000000000000000000000000000000000000
	00000000000000000000000000000000000000000000000000000000000000000000000000000000000000000000000000000000000000000000000000000000000000000000000000000000000000000000363400005962000000000000000000000000000000000000000000000000000000000000004000000000000000
	40000000000000000000000000000000000000000000000000000000000000008000000000000000000000000000000000000000000000000000000040000000800000000000000000000000000000000000000000000000000000004000000000000000000000000000000000000000000000000000000000000000800000
	000000000000000000000000000000000000000000000000000000000000000000000000333300006A2500000000004000000000000000000080000000000000000000000000000000000000000000000000000000000000000000000000000000000000000000000000000000000000000000000000000000000000000000
	0000000000000000000000008000000000000000000000000000000000000000000000008000000000000000000000000000000000000000000000000000000000000000000000000000000000000000000000000000400000000000000000000000000000000000000000000000000000000000003333000036FD00000000
	00000000000000000000000000000000000000000000008000000000000000000000000000000000000000000000000000000000000000000000000000000000000000000000000000000000000000000000000000000000000000000000000000000000000000000000000000000000000000000000000000000000000000
	0000000000000000000000000000000000000000000000000000000000000000000000000000000000000000000000000000000000000000000000000000000000000000000000333300006F420000004000000000000000000080000000000000000000000080000000000040000000000000004000000000000000000000
	00000000000000000000000000000000000000800000000000000000000000000000000000000000000000000040000000000080000000000000000000000000000000000080000000000000004000000000000000000000000000000000000000000000000000000000008000000000000000000000004000000000000000
	000000000000000000000000000000000031320000BCAF0000000000000000000000000000000000000000000000000000000000000000000000000000000000000000000000000000000000000000000000000000000000000000000000000000000000000000000000000000000000000000000000000000000000000000
	000000000000000000000000000000000000000000000000000000000000000000000000000000000000000000000000000000000000000000000000000000000000000000000000000000000000000000000000000000000000000000000000000000000000000000000000000036340000BCAF0000000000000000000000
	00000000000000000000000000000000000000000000000000000000000000000000000000000000000000000000000000000000000000000000000000000000000000000000000000000000000000000000000000000000000000000000000000000000000000000000000000000000000000000000000000000000000000
	00000000000000000000000000000000000000000000000000000000000000000000000000000000000000000000000000000000000000000000000000000000000000000000000000000000363400007C98000000000000000000000000000000000000000000000000000000000000000000800000000000000000000000
	00000000000000000000000000000000000000000000000000000000000000000000000000000000000000000000000000000000000000000000000000000000000000000000000000000000000000000000000000000000000000000000000000000000000000000000000000000000000000000000000000000000000000
	00000000000000000000000000000000000000000000000000000000000000000000000000000000000036340000634B00000000000000000000000000000080000000000000000000000000008000000000000000000000000000000000000000000000000000000000000000000000000000000000000000000000000000
	00000000000000000000000000000000000000000000000000000000000000000000000000000000000000000000000000000000000000000000000000000000000000000000000000000000400080012000000000000000000000000000000000000000000040000000000000000000000000000000000000000000000000
	00000000351000003B5300000200004000C000000000020000000000000000400080000000000040000000000000004000000000000000000000000000000000000000000000000000000000000000400000000000800000000000000000000000000000004000000000000800000000000000000000000000200000004000
	00000000400040000000000000004000000000004000000000000000400000000000000000000000000000000000000000010000000000004000000000000000000000000000400000008000000000008000000000000000400000000035100000EB1100000000004000800040000002000080000000000040008000000000
	00C00000000000000040000000000000000000000000000000000000000000000000000000000040000000000000000000800000000000000000000000000000004000000000000000000000000000000000002000000040000000000000004000000000000000400000000000400000000000400000000000000000000000
	8000000000002000000000000001000040000000000000000000000000000000400000000000800000008000000000000000400000000035100000CA1E000000000000000000000000000000000000000000000000000000000000000000000000000000000000000000000000000000000000000000000000000000000000
	00000000000000000000000000000000000000000000000000000000000000000000000000000000000000001C0700004D780000004000000000000000000000000000000000000000000000000000000000008000000000008000000000008000C0008000000000000000A000000000000000200000000000200000000000
	8000000000008000200000000000200000004000000020000000000000008000001C07000053BC0000D2B44BAC2D4AF47292944BAC7D6AA452929C5FA4696AA45A97945AA66968A55A96965AE5E929255A96D6FAA54939254ABED6D2B549292F4EB4D2D2B54B2D2DCAB453D2B44BAD2D4B747212944BAD7D6B2452129C5FA5
	696B245A17945AA76969255A16965AE500291B0800008DD000000080000000000000000000000020000000000000020000000000000840000080008002000200000010000002000000000080020006000000000000000000000001000000000000000000000000400000000000000000000000100000800000000000000000
	0000002004000000000000000000000800000000010000000000000200000000000000000000000080010000000000000000000020000000400100010000000000000840000040000001000000000010000002000000000000000004000000000000000000000001000000000000000000000000000000380A000019380000
	02800200008100800200408000200000000010000008000000800400000200000000010000000080800000C0000000002000001000000000080000840000000002000081000000800080010000404000002000800000100000080140010004000002014080000140000000001C090000416100000080022002880282008000
	800000000000800280020002800000020042001000060001000040001000040001008000000000000000800000008000000000800020000800020000800020018801C20040018001000100010001000000000001000140414010400480018000001C0200003530000002800080008000000280000002800280020000000200
	00000200000000800000000000000080008000000000008000800080000000000000000000000100000001C0008001C00080014001400100010000000100000001400000014000C000C001000100000000401B0300004DF70000024002400000000002800000004000C002800000024000C000000000008000200000008000
	4000C0000000800020000000800020004000C000800000000001000080004001000120004000400000004001000000004000000100010000400020002000001A040000936D0000020002C0000002000000008000400280008000000240000000800080008000000020008000C00000008000A0008000000080000000600080
	01800000004000A000A0000000000020006000400040010000000040000000000000004000000020000000001A040000C05300000280004100810200008000C00280000002800080024000C00240004000000000004000400000000000C000400000004000400040000000000060004000C00040004001C001800000014000
	60000000400160018001400040000001000000010080408020000000001B0E0000BF0C000000C000400080020000C000C0028000000280008002000080020000000000000000000000000000800080000000400000000000000000002000200000008000000000018001800080008001200120016001600100018000000000
	010001000000014001A001A000001B0E0000A400000002800040024002400280004002400040024000C0024000C0024000C000C000C000C000C000C0004000C000C0000000000000004000E000600040006000E0006000E000E000600160006001400060014001000160008000C00180000001E000E001A000C000E000A001
	6001001C0D00003F40000000C40244024002C012C0104002400000022000E0064004C0824080C000C8008801C001C020402080004200C20000008008400800006000E00070003002E0026040E040E000640164004001201160106000210061008000C0056004E001E000E000E801A801E001A0206020201C0D000013360000
	004000000080004002400000000000400040008000000040004000000000004000400080008000400040008000C000C0000000C000C00020002000C000C00020002000C000C0012000A000C0004000A000A00040002000A001800020002000800080006000600080008000201C0D0000B80100000000004000000080000000
	40008000000000000000000200000000800000000000000000008002000000004000000000000000000000020000000040000000800000000000000000000000C0000000000080008000000000008000400080000000C00020000000000000000000A00000008000C000000000008000400020008000000040000000000080
	0100002000000000004000A0008000000000008000A0000001000000004000800020000000800000000000000000000001000060000000000000006000000000000000E0008001000000360C00004CE70000000000000000024000000080000000000000004000000000000000400000000000000000000000000200000000
	00020000000040000000000200000000000000000000C000000000000000800000000000C00080000000C00020000000A0000000200000000000800000004000800000002000A0000000000080000000000020000000000000000000A001400000000000A000000040000000A0010000800040000000000000000000800000
	00000000012000000020004001000000000000000120000000400000002000000000004000800000360C00003202000000400000000000000000000000000000000002000000008000000000000000000000020000000000000000000000000000000000000000000000000000000000000000000000000000000000000000
	00000000400020008000800000002000000000000000000080000000000020000000000000000000000000000000000000000000000020000000000100006000200000008000000000008000000000000000000000000000000000000000000020000000000000000000200080000000200000000000000020000000800000
	00000000000000000000370B00003E2B000000000000000000000000000000000000000000000000000000000000000000800000000000000000000002000000000000000040000000000000008000000000000000000000000000000000000000000000000000000000000000000000000000000000000000000080000000
	0000000000000000000020000000000000000000000000000000000000000000000000004001200000000000000000000000000000000000000000000000000000000000000080000000000000000000000000002000000000000000000000000000000000000000000000370B0000106E0000000000000041000000400000
	00000000004000000000000000400000000000800040004000000000004000000000000000400000000000000040000000000000004000000040000000000000000000000000000000000000000000400000004000200040000000000000004000000000000000400000000000800040000000000000004000000000000000
	4001000000000000000000000000000000008000000000000000000000000000200000000000000100000000000040000000000000000000800000000000000000000081000000002000000000370B0000AF340000000000800000000000000000000000000000000000000000004000000000000000000000000000000000
	00000000000000000000000000000000000000000000000000000000004000000000008000000000000000800000000000000000000000000000000000000040000000000000000000000080000000000000000000000000008000000000000000000020004000000000000000000000000000000000000000000080000000
	00000000800000000000000100000000000000000000000000000000000000000000000000000035000000AD5800000000000000000000000000000000000000000000000000000000000002000000000000000000008000000000000000000000000002000000000000000000000000000000000000000080000000000020
	006000000000000000000000002000000000000000000020000000000000000000C0000000000000002000400020000000200000000000000000000000000000000000000000000000000000004000000000002000000000000000000000000000000020000000000000002000000040002000000000000000000020000000
	0035000000FAB9000000000000000000C0000000000000000000000000000000000000000000000000000000000000000000000000000000000000000000000000004000800200000000000080000000000000000000200000000000000000000000000000000000000000000000A000000000000000000000000000000000
	000000000000000000000000000000800000000001000000000000000000002000000000000000000000000000000100008000000000000000000040000000000000000000000000000000000000000000000000000000000000350000008E0200000080000000000000000000000000004000000000000000800000000000
	00000000000000000002000000000000000200000000000000000000000000000000000000000000000000000000C00000000000800000000000000080000000000000000000000000000000800000000000000000008000000000000000000000000000000000000000800000000000000000000000800000004000000080
	00000000000000000000000000000000000000000000000000000000000000000000000000000000000000400000008000000000350000007DE70000000000C102010000000000400000000000000000000000000040000000000000004000C000000000000000000000000000400040000000000000000000000000004000
	00008000000000000000800080000000000000000000000040004000000040000000000000000000400080000000000040002000000000004000400000000001400000000000000040000000000000008000000000000000000000000000000000000000000000000000200000000000000000000000000100000000000000
	00000040000000000000800080000000000036050000483E00000000000000000000000000000000000000000000000000000000000002000000000000000000004000000000000000000000000002000000000000800000000000000040000000000000000000000000000000000000000000000080000000000000002000
	00000000000000000000000000002000000000008000200000000000000000000000000000008000000000000000200040000000000000002000000000000000A0000000000000010000400000018000200040000000800000004000000080000000000080000000200000000000003605000054EA00000000000000000000
	00000000000000000000000000000080000000000000000000000080000000000000000000000000000000000000000000000000000000000000000000400000008000000000000000000000000000000000000000000080000000000000000000000000000000000000000000000000002000000000000000000000000000
	000000000000000000000000000000000000000000000000000000000000000000000000000000000000000100000000000000000000000060000000000000000000000000340600000D0700000000000000000000000000000000000002000000000000000000000000000080000000000040000000000000004000000000
	000000200000000000C0000000000000000000000000000000000100000000000000008000000000000000000000000000000080000000000000000000000000002800000000000000200000000000000000008000000010000000000000000000000000000000000000010000000000000000000000000000000000000000
	000000000000000000000000000000004001000080000000000000340600005E4D00000000000000000080000000000000000000000000000000000000008000000200000000000000000001800000000000000000000000000000000000000000000000000000002000000000000000000000000000000000000000000000
	0000000000000000000000000000000000200000000000000000000000000000000000000000000000000020000000000020000000000000000000000000000000200000000000000000004000000000000000000008000000000000000000800000000000000000000000400000000034060000C6A3000000000000000000
	00000000000080008000000000008000800240000000800000014000200000000000000000004000800000002000000000004000000080000001000000000000000080000000000000000000000000000000800000002000000008000000200000002000000000000000000000000000000020000000200000000000000000
	002000000000000000000000000000000040000800000000000000000000000000000000002000800040000000C00040000000000000000000400000000032010000A9220000000000000000008000000000008000000000000000000000000000400080000000000000000000000000000000000000020000000040000000
	00000000000000000000000080000000000000000000800080004000200000000000000000000000000000000000000000000000000080000000000000000000800000008000000000000000800000004001000000000000000080004001800000000000000060000000000000000000000000000000000100008000000000
	010000000000000000000000000000400000000000000000000000000000000000000000380F0000695C00000000000000000000000000000000000000000000000000000040000000000080000000000080002000000000000000000000000000000000000000000000000000000000000000800000000000000000000000
	C0000000200040000000000000000000000000000000000000000000000000000000000000000000000000000000000000000000000000010000000000000000800040000000000000000000200000000000000000000000000000000000000080000000000100000000000000000000000000000000800000000000000080
	00000000000000000000380F000031FF000000000000000000000000000000800000020000000000000000000000000000000000000000000000000000800000000000000200004000000000000000000000000000000000000000000000008000000000000000000000000000000000000000000000000000000000000000
	800000000000000000000000800000008000000000000000800000000000400000000000000000010000800000000000000040000000000000000000000000000000000100000000000000000000000000000000000000000000400000000000000000000000000000000000000000380F0000E24900000000022000010000
	00000200000000000200000000000000000000000000000000000000000000000000000000800000000000000000008000000040000000800080002000000000000000000000004000000020000000000000000000000000000000800020000000000000000000000000000000200000000000000000002000000000000000
	400000000000200100000000000000000000000000001000200040000000000000001000000100002000400000010000100000000001000000000000000000810000000000000000003510000040F6000000000040000000000000000000000010000000000240000000000000020001000000000000000000001000000000
	00000000000000000000000000000000000000000000001000000010000000000000000000000020008000400000004000000000000000000000004000000000000000000000000000000000000800500000008800100000000000000000000000000000000000000000001000000000000000000000010000000000000000
	000000000000000000000000000000000000000000008000000010010000400000000035100000E01B0000000002600000000000000200000000100200000002400000000000000200000000000000000000000000000000800000000000000000008000000040000000800000008000000000000000000000004000000020
	00000080004000000000004000800000002000000000004000000000000000000020000000000000000000580000000000000000000000000100000000000000000000000000000000000020000000000000000000100000010000200040000001000000000000000100000000000080000001100000010000000000351000
	00CA1E00000000000000000000000000000000000000000000000000000000000000000000000000000000000000000000000000000000000000000000000000000000000000000000000000000000000000000000000000000000000000000000000000000000000000000000000000001C0700004C460000004000000000
	00400040000000000000004000400280000000000000002000200000000000A0002000100000004000F000400040000000A0004000400080008000000000008000080000008000400000000000000040000000000000004000000020004000100000002000001C070000607C0000D2B44BAD2D4BF47292944BAC7D6AA45292
	9C5FA4696AA45A97945AA66968A55A96965AE5E929255A96D6FAA54939254ABED6D2B549292F4EB4D2D2B54B2D2DCAB453D2B44BAD2D4B747212944BAD7D6B2452129C5FA5696B245A17945AA76969A55A96965AE500291B080000049500000080000000000000000000000020000000000000000000000000001840000040
	00000000000000001000001200100000000002000600000000000010001000000140000000000000000000000060000000000000000000000010000080200000000000000000001020040040004000000000000008000000000100400040000002000000000000000000004000C00100000000000000000000300000000001
	00010000000000000840200000000001000100000010000002000000000000000004000000000000200010000001000000000000000000001000000000380A0000055B0000000002000080028000004000022000C002001000004800100000044000C200000080014000000000804000400040000020400010000000000810
	000400000030021000010030000000B0010000204010006000000030100000080010013004000082011000000140010000001C090000463F000000C00060004802020210001000000290029002F0026002700220002040F010B004B001B0004000300024002100000020002000500050000000000030007080402000084002
	0000800060014801020010015001400110000001600170005000C000A0416011200420012000001C020000C19D00000210024002D00200029002D0023000600050005000E002A00290009000300010000000000020004000000050004000100070001000700010007000300100000001400040011001400150006001300130
	0100000001900090010000400030000001000100010000001B03000039C8000000400080000002500000002002400290002000200250021000600000002000200020000000E00020003000400000000000100040002000000050007000B001100040002000000130002000A000F00150004000700060018000800030002001
	20002000001A04000050E3000000D0004002C000400010004002200200029002C000B000D000D0001000300030002000C00060003000200060006000200000001000000000015000F0007000700170006000600040011000A000B0019001900020006000800090003001200020006000001A04000012F40000000002000240
	0240000002000220000000C0000000000040004000100010004000100060003000C0009000A000A000000060008000C0000000200040001000400040011001700030010000B001B0009801D8009001900030000001100110008001900100014000001B0E000098D6000002000000004000000200022002200080004000E000
	E00240024000100010004000100040005000800090008000800000006000C000C0000000200040001000400040011001200060011000800180008801D800D001900030002001300130008000900000004000001B0E00004EB800000080028000010000002002200020002000C000400040004002E002B000E0003000400010
	004000300000005000100030002000800040000000A000C000D00090009000C0009001E000000160005001C0002001280040014000000100006001700060017000408050001000501C0D00003B92000002840084020002201280102000A000A0004000800620066080E080B0006800B80140011020002050008200D2009000
	D008E0080000C000C000A000D002D0029040B040E0009401E40050013010E0117000B901B100C0018004A005A000E001D0000001180080019021B021D01C0D0000B749000000C0002000A000C0004000A000A00040026000A000C00260026000900080002000200080008000200060008000C00020006000D000D000200030
	00C000C00070003000C000800120008000800000008000800048006000A000900060006001900088006001600080008000601C0D0000258800000000002000000080000000A00000024000C0000000C00000004000100040000000000060008000400000001000400000020000000060002002000010008000800000002000
	8000200080004000900020008000200080004000800040000000200000004000E0001000D000000040002000900040000000E00010000000400020008000000000000801B000000000008000000000000000500000004000C000B0000001500080006800C0001000A000A00040010000C0000001000000008000A001000000
	00E000100010004001B0000001100000360C0000305E00000000000000200200000000800000000000C0000000000240000000800000004000C00000000000000000000000400000000000B0020000000080003002400080000000200000008000400020001000200040000000700000004000800000002000000040002000
	50001000000040000000000000004000000020000000000000003000000008000000000100008000000000018000000000014000200040001000100040002000200050010000200000011000000020000001C00000000000200040000000700000001000400000001000900000360C0000E137000000000001008100000000
	00000000000002000040000000000000000000100000004000000000002000000000001000000000000000000000000000000000000000000000000000000010000000000000000000000000000000000000000000000000001000400000000000000000000000000000000000000040000000000000000000000000000000
	00000000000000000000000010000000400110000000000000000000000000001000000000001000000000000000000000008000000000004000000000000000000000000080008000000000000000370B00009BAF000000000200000000000000000000000000004000000010000000000000000000000000000000000000
	00000080000000000000000000000000000000000000000000600000000000000080000000000000005000000000000000000040000000000000004000000000006000000000000000000000000000000000000000000000001000000080000800000000000000000000010000400000000000000000000000000000000000
	08000000000000000000000000000000000000000000000000000000800000000000200000000000000000000000000000370B00004D7C000000000000002000000000000000000000000000000000000000000000001000400000020000000040000000000000001000600000000000100000000000000000000000000000
	000000000000002000000020000000000000002000000020000000000080000000000000000000000000000000C0000000000000000000000000000000A00000000000000000000000000000000000000000000000000080000000000000000000600000008000000010000000800000000000000000010000200000000000
	00000001100080005000000010000000100000370B0000B215000000800020008000100000000000200000000000000040000000400000000000000000000000800000000000000000000000000000000000000000000000400000000000800000000000000000001000400040000000000040000000000000001000000000
	000000400000004000000000000000200000000000000080000000000000000000000000000000800000008000000000000000000010000000000000000000000080000000400000000000000000004000100000000000400000000000000000000000000000000000000000350000008D2000000000000000400000004000
	000080000000000000002000000000000000000000000000000000000000000000000000000200000000000000000000800000000000400000000000000000000000000000000000000080003000000040000000000000000000000000000000A0000000000000000000000000000000000000000000000000000000000000
	00000000000000000000000000000000004000000000002001000000000000000100000000000020000000000000002001000000000000000040000000000000000080000020350000000E74000000000000000000000020000000400000008000800200003000000000008000200000000000000020000000A00000002000
	0000000290002000000000021000200040000000000000000000A000000000004000900000000000000020000000400000008000000000000000000000000000000000000000100000000000000000000000000000000000000010000000000000010000000000000000000180000000000000008000000040000000A00040
	00000000001000000000000000A000000000000000A00000004000000030000035000000D0630000008000000000022000800000000000000000000000000040000000000000000000800000000000000000000000000000020000000000000000A00000008000000080000000800000009000000000000000800000000000
	00000000000000000000A00000000000000010000000000000000000000000004000000000000000000000000000000000002001800000004800100040002000400000008000000040000000C00020000000000080000000000040008001000040004000800000004000000080000000200000008000000100350000007274
	00000000000000200080000000000000004000000040000000000000000000000010000000400000000000000000000000000200000000400000020000000000000000100000000000000050002000000000000000000000000000000020000000000050000000000000000000000000000000000000000000000000000000
	400000000000000000000000000100000000800000002000000000005000200000000000000000002000000000002000000000008000000100000000000000002000000040000000100000000000000050000000000000360500005D0100000000000000000000004000000000000000000000008000000000000000000000
	00800000000000200000000000D00020000000000000002000000000000000200000000000000020000000000000000000200000008000200080004000000000002000000000000000900060000000600080000000200008008000000008000000800000010000000000000000000000000000800000000000000000000000
	000020010000000000000001000000000000000020000000000030000001000000001000200000000000B00000000000000000002036050000BB7D0000000000000001000000000000000000000000000000000040000000000000000000000080000000000000000000000000000000800000000002000000000000000000
	00000080000000200000000000400040008000000000000000000000000001000000000000000110000000400000000000000000000000000100000000400060000000000000001000000000000000000010000000000000000000000000000000000020000000000000001000000000000000000000000000000000000000
	20000000000000000000003406000060AB0000000000000040000000000000000000C000000000000000000000008000000000000002400000000000200080000000800000012000000040000000A0000000100000000000000080000000000000010000000000000000000100000000000000020000000000000000080040
	00200000002000000000000000000000000000000000018000000010000000400000004000000000000000A000000048000000000000001000000000004000000000000000000000000000A0000000000000000000000020000000000020000034060000C2C100000200000000000010000000000000000002000000000000
	00000000000000000002000000000000000000000000000000000000000000001000000000000002000000000000400000000000000000001000000000000000100000000000000010000000400000000000000000000000000010002000000000000000000000001000000000000000000020000000000000000001000020
	00000000000000000100000000000000000000800100000000000000008000000010004000000000000000000000000000000000000034060000E0F80000000000800000000000000000000000800000000000000040022000000000028000000080003000800100000000200080000002000000000002A000000080001000
	1001000000008000000010010000000040000001100000000002400130002000000020000000000000001001000040002000000010012000C00000004000000020000800200180000000400000003000000000000000800000000001000000000000300000000000C000000000002000000020000000080100000000200000
	0000000032010000474000000000000000000080000000400000008000000060000000900000000000000000000000000080000000E0000000000000004002000000000000000240009000000000000000000000000000000000000000A000400000002000000040000000100000000000C000000040000000800000000000
	0000000000000000000000001000000040000000100000010000000010000000800010000000000000000000300000008000C000000000000000080000010000000000000000000000000000000000000000200080008000000000000000D001000000000000000000380F0000508E00000000000100010080000000400000
	00000000002000000010000000000000000000000000000000800020000000000000000000000000000000000200000000800000000000000000000000000000000000800000002000000000004000000000000000100000004000000000008000000000004000000000000000000000000000000008000000000000010000
	00000000000080000000000000000000000020001000000000000000000040000000000000000000000000000000000000000000000000000000200000000000000000008080008000000000000000380F00004A52000000000000000000000000000000000080000000400080000000000000001000000000000000000000
	000000C000000000006002000000000000000060001000000020000000000000000000000000009000200000000000000000000000000000000000000080000000400000000000000000000000000000000000000010000000400000001000000000000000100000000000400010000000000000001000000080000000C000
	0000000000000000000100000000000000000000000000000000000000000000800000008000000000004000100000000000000000380F0000C72F000000000200000000000000010000C000000100000000000000000000200240000000200200000000000200000000000000010000000000000001000000000000000020
	00100000000000000000000000400000000000200000008000000000000000000000000000000000000000000000000000000000000000000000000001000000000000000000000000000000000000000000000000000000000000100000000000400010000000000000021000000000000001100000000000800100000001
	0000000020000001000000000000003510000062AF00000000000002400000000002000000000000000200028000000000030000000000000001000000000000000000030000800210000002000000000000000000000000000000000002000000000000000000000000000000000000000000002000000000002000000000
	00000200000000000000000000000000000001000000000000100000000000400000000000000000000000800200000000800040000000000000000000400200000000000000000000000000000000000040000000000000000000000000001000000000000000003510000012470000000002010040020000000200004000
	00000003000200000001000220000002000220010000000000000000000200008000000310000002000000000000000000002000000000020000000000004000000000000000000000008000000020000000200000000000000200000000000000000000000000000001000000000001000000001000000040000000000000
	000000000080020000000000004000100000004000000010020000000000001000000000000001100000000000C0010000000000000000000030000001000000000035100000CB9C00000000000000000000000000000200000000000000000000000000000000000000000000000000000000000000000000000000000000
	000000000000000000000000000000000000000000000000000000000000000000000000000000000000000000000000000000000000001C070000C7570000004002000200020002000200028002C002C002000200020002000200020002000000000002000280000000000040002000000040004000800000000000C00000
	00000000000000000200000000400040008002E0005000000020027000500000006000500040004000A000001C07000053BC0000D2B44BAC2D4AF47292944BAC7D6AA452929C5FA4696AA45A97945AA66968A55A96965AE5E929255A96D6FAA54939254ABED6D2B549292F4EB4D2D2B54B2D2DCAB453D2B44BAD2D4B747212
	944BAD7D6B2452129C5FA5696B245A17945AA76969255A16965AE500291B0800000DF1000000A001000000000000000000002000000000010001000000000000384030000000400100000000001000001200100000000000000400000000000000001000000140000000000000000000100070000000000000000000000010
	00008000000001000000000000102014000000000100010000000800001000010000000001000300000000000000000000000080020001000000000000000020000000000300030000000000000840000000000001000300000010000002000000000000010007000000000000100010000000000000000000000000001000
	000000380A0000A5D10000000000800080010000004000002000000080100000C8018000200540002201200000015001200020800001400300008022000090020000000A000004020000000200005100100000008000900010404000200010000010000008000000000400008200C080000140004000001C0900001DE20000
	0080002001080342027001D003400310030001200020028003300130432010300420032000C0019003440301004000C0004000000090038003C001D002108110210009100310009000300018001203D001D003900290015003500140000001400340410011000490019000001C0200004E520000013003200350024003F003
	D00220038002300320017003400270027002A0030003000340020000800000035000800310014003D0020001100110011000000210001003100210019003500350001003100310011002000180010001100010004001900100018000001B0300003580000000C0006000200310004000C00030029001000000026002500340
	00C000F00210034001C000500080019000800080028001900000022002000010020000000280038000C000C0020003000040020000A003000040005000000040000000000110008000001A04000079F4000003500060022000A0009000800250017000D00040000001000210028002300370036003C0001001D00290008000
	00011002C000E002E002D0028002000200032002B000100050035002100210021003B000A0000000100010015001C000000020003000001A04000050CB0000008003810101022001C002C003A00220018003A0018000800040015000300120009001A000400160004000700330028000300380008001200020012003300120
	0030022001300000020001300020033000E0035002100110004001C000400040800080C001C000001B0E00004A400000004003C001C000E003600040012000A003000120034002C002000110007001E0001001200080012000000030033002C000300380008001600060036003700170007002600130000002400170006003
	700220011000100130002001A000E0006000600080018000001B0E0000365800000080038000200320000003A0008001A000000280018002A0032002B001800030000000B0019000300100003001800390012002900110021003000200010000000210021000400050011002200310000001100000035002C00380028001C0
	00C001800180008000C0006000401C0D00009831000000E403440060034012C01160024003600280002007000420816080F0010800B801C00170215020F0014202720180039009200AD001300230033002700170026040B042A000E400F40170026013F01060017100610310000005A004A001A002A001A8012800E001A020
	2020201C0D00007B81000000C0012000A000C0004000A0008000400060008001800040004000900080026002400080008002400240009000C00240012000C000C00020002000C002C00030003002C002C0003001B002C0024000A000A00240026000A000800260026000900090006001600090009001601C0D000076B90000
	00A00040000002000020004000000280000001800000002000000050000002C00000008000400000018000C0000000600080014000000220011000000000006000100040004000000110024000000020018002000020024000000080020002000080017000000240008000100020008002000010002000400010010000E000
	0000100040008002000010000002200000005002A00040020000A000600200004002900000028000000010000000300080021001000220008002100180002000000290000002400010009000200040009000000000360C00003E9D0000008001000080002002C0010000800000020000800000022000400010008000800000
	004000000220010000C000000220008000400080000001000010008002000020005000800200010000100080022001000000002000400000020000A0020001C00030004002100080013000800210000000300080001000000070000000000030004000200000005002A00000020000100020008000000180024000C0000000
	00010002F00200000000000050000000000100021002000040010000D0000000F000000260001000D000000140001000900000360C0000BFF200000020004000800000010000000000000000000100008000000000000000000000020000800030008000000200008000000000000000800000000000000080000000000000
	00000000000000000200000000000000000000000000000000000000004000800100000000000000000000000000000000000000000000000000001000000000000000000030000000000000000000000000004000000180000000000000001000000000000000200000000000200000000000000000000000000000000000
	0000800100000000C0000000000000000000000000370B00002BD500000100000000000000000000000080000000000280000000000080000000000010000000000000000000800060000000000000002000000000020000600000000002000000030000100240000000200000008000400000000000000100000000000000
	00000000000000000100000000400020008000000030000000000000000000000000000000000000020000000000001000000000000000400000020000400040020000400000004000100200004000000200000000400020000002000040005000000000004001100000004000000080000000000000370B00004286000000
	00000000010040000000000000008000400000000000000000004000900000000000000000004001000000000000400000000000100040008000000000024000000000018000000000000000000000000000200240000002000040004000000020010000C00000004000800180000000000000004000000000000000000000
	00400000020000000040000000000020004000000200008000000200002000000000000000A00000004002000120000000000000002000000000021000000000000000000020008000000020002080000000000000000000370B0000DDEF000000800000002002000000000000800000000000000000001000000000004000
	00004000000000000000200000000000100000002000100000000000000000000000000000008000400000000000000000000000000010000000800000001000000000000000100000000000000200000000000000000000400000004000000000000000000000000000400080020000000000008000000040000000000000
	0000000000000000000000000200000000C000000200000000400000028000400000000000000000000001000200000000003500000034560000000000000000000000000000000002000040004000000000000000000000000000000000000000000180000000000000000000000000000000000000000000400000002000
	000220000000800040020000000000000002000000000000E002000000000000000010000000000040000000100000000000000000000000000000000000000000000000000000000000A000000200000000800200020000400000000002000110000000000100000000000210000000900000001000000110008000000200
	00000060001000000000000035000000452F00000000000000100000012000000000000000000100000000000000010000000000000000200200004000000000008000000000000000000040000000000000020000000000000000000000000000200000000001000000000000000000000000000000000000800000000000
	00000000000000000002000020000001000000000000100000000000000020000000000000000001000000000000200000010000000000008000000000000000000000000000000000000000200000000000000010000000400000008000000040000000003500000047580000020001200000000000000000000000000000
	00000000020000200000008000400000000000000000000000000000000000000000000000000000010000000000004000000020000000000000000000000030000000100000003000000010000002300100001000000020000000000000002000000000000000F00000000000800020000000000000020000800020001000
	00025000000010000000100000001000000210000000100000021000000000004000300000000000000210000002000000000000000000000002200000010035000000AC2400000000000100010040000000000000000000000000000000400000000000000000000000000000000000000000000000100100000000100000
	000000000000000000000000000000000000000001000080000000000000008000200000000000000020020000000000002000000200000000200000000000A0000000000000008000200040000000000020010000000000008000000000000000000000000000000000000000000000008001000000000000800000010000
	4000A0004000000000000000000000000000100000800080000000002036050000081000000080020000000000000000000230000000400000000000000000000000000000000001000000000000000100000000C0000000000000000000000000000000000000008000000000000000400000000000000000028000000010
	00400200000000100080000000000010008000000000004001000000000000000000000000000000008000000200000000000000008000000100008002000000000000800000000001000000000000000000000000000000000000000080000000000000000000000000000000000080000000400000000000003605000059
	03000000000000000000000000000000000000000000000000000000000020000000000000000000000000000001000000000000000100000000000000000001000000000000000000000004000000000000000000000000800000008000000000000000000000001000000200000000000000000000200000000000000000
	000000000000000000000040000000000000000000000000000000000090000000800080000000000000002000000000000000000000000000000008001000000000000000000000000000800000000034060000E12A0000000000000010000000000080005000000000004001000000002000C00010000000000000004000
	800000009000000000000000000000000000000000000000000000000000000000010000800200004000800000001000400000000000000000004000800000000800000120004000000100000800000000004000080210000000A0000000000000024000000000000001000000000000000040000000000000010000100000
	00500000000000000010000000000000004000000000000000800000000000000000000000003406000004E50000000000400000008000000000000002000000008000000000010000000000020000000000000000000040000000000100020000000000000000000100000000400000000000000000000000000000000000
	000020000000000200008000000000000000000000000000200000000000000000020000D000000000000000000000000000C000100000000000800000000000400000000000000000000000200000004000000000000000000000000000000000008000000000000000000000000000200000002000200100000034060000
	AA1600000080000000000040002000200040019000000100000000000040000000C0008001000000010000000200010000000000014000000100000000000000000001C0001000200280044000000000000000800040021000000080000000200140000800000230000001C800000010000002200040008000000040000000
	4000800200004000000010010000E000800000000000D000200000004000100000000000080000000000900040000000200000008000000020000000880100000000000048000000003201000096E0000000000200000000900000000000000000004000A00000008000000000011000800000000000000000004000200000
	0080000000000000000000000000020000800000000000000000000000200200000000000040008000000000008002000000000000000000000000000000000001000000004000000010002000000000000000000200001000000040000000000000000000800000000000000000000000A000000100004000000000000000
	00008000000000000000C00000000000000000000000B000A000000000000000000040004001100000008000000000380F0000B8F0000000000000001000C000000040000000000280000000000000000000000200008000000000000000000000000001800000000000000010000000000000020000900000000000000000
	00000000000002000000004000000000000000000200000000000000000000000000000001000000000000000000000000000000000000000000000000400010000000000000000000000080000000000000000002C00020010000000000000000000000000002000000000000400000008000000000000000200080008000
	200000000000000040000000000000008000000000380F0000902400000200004000000000000000000000010000400000008000000000000001100000000000000180000000500020000000000000000000000000020000000000000000000000020000000000002000000000008000000080000000800000000000000000
	0000000000000000000000000000000000400000001000600000010000000040000000000000004000000000000001000000004000000010004000000000000000800000004000000000008000000000000000000080000000000000000001000010000000000000000000000000000000500000000000000000380F00009D
	5F000000000000000100000000000000000000000000000000008000000000008000000000000000400000000000000000000004000000000000000000000000400080000000000000000000000000000000000000000000000000000000000000000000000000000000200000000000000000000001800000002000000000
	0040002000000000000000000000000000000000000000000018000000400000000000000000000000000000004000000000000000400000000000000040008000000000004000000000809000000000000000003510000036E000000040000000000000000001000010000000000040000000000000000000000000000000
	10000000000000000000800000001000400000000000000040002000000000004000000000002000000060000000000000000000000000000000000060008000000000000000000000000000000000000000000100000000000000000000400000000000400000000000000000000000800000000000000000000000800040
	00000000000000000010001000000000000000080000000000000000000000000000002000000000004000000000351000007594000000000040000000000000010000100000004000000000008000000000000000800010000000000040000000000000008000400000000000000040000000000060004000000000000000
	00002000200000000000000000000000000000006000000000000000000000000000000000000001800000010000200000000000000040000000400000004000000000000000000080000000080010004000000080000000400000000000000040001000100000004000080000000000400000000000000040000000800010
	00400000000000003510000086E100000000000000000000000000000000000000000000000000000000000000000000000000000000000000000000000000000000000000000400000000000000000000000000000000000000000000000000000000000000000000000000000000000000000000000000000000001C0700
	00E93E0000006000200000000001100080008001800040000000000140004000000080002000000000018000800000000001C000800000004001700028000001000040004000000040000000000000004000400000000000000000004000200080000000000028006000000000008800001C070000607C0000D2B44BAD2D4B
	F47292944BAC7D6AA452929C5FA4696AA45A97945AA66968A55A96965AE5E929255A96D6FAA54939254ABED6D2B549292F4EB4D2D2B54B2D2DCAB453D2B44BAD2D4B747212944BAD7D6B2452129C5FA5696B245A17945AA76969A55A96965AE500291B080000BD92000000C000000000000000000000002000000000000000
	00000000000008400000000000000000000000100000020000000000000000040000000000000000000000010000000000000000000000000000000000000000000000001000208000000000000000000000002004000000000000000000000800000000010000000000000200000000000000000000000080000000000000
	000000000020000000000000000000000000002840000000000000000000000010000022000000000000000004000000000000000020000001000000000000000000000000000000380A00006DC700000000008000800090000040800020000000001000008800000000040000020000000001000000000080000040000000
	0020000010000000000800002400000008022000210000000000A800000020400000200000000010C000480000004804000082008800000140000000001C090000E880000000800020000800820080008000800000000001000040000000800080400010000480018000C00090008C00A100A000A000280100000000200020
	0020000080002000080002000080006000480002000800600060004800E000A800A000E8006000004000102004A801A000001C02000077400000000000A000200080000000A00060000000800080002000000000000000A0008000A0008000A000A80020002000000028000000200020002000000000000000000000000000
	00000000400000008800B000B000A8002800300000002000A000A800B00088000000401B0300001F15000000C001C0004000C0004001400080004000000040004000E000C0000000C000C00060006801C8004000200108004800200040004000000020002000000008000000100008004800F80048006800800000006000E0
	008000880020000800680000004000001A0400002E29000001E0006001C001C000E000E00040002000600020004000C000A000E00040006000E000C80068006801080008002800C000C000400020002800280088008000080008009000D0002800C800D800300020004000F800B800380088008800F80000000000001A0400
	0032D6000000500000011001900000004000100000000001800000000001000100010001000000000001000100000000000100000000000000002000000100011001000120000000000020000000600040004000400000000000000020002000200000008800800000000000001B0E00001214000001700060003001900000
	004000100030012000A000A00020012000A000E001200020000000000120002000000000012000200020002000000110000000000120000000000020000000200040004000400000000000000000000000200000008000900010001000001B0E0000E6DF000000C000D001010100006001A000100010008001000190019001
	00018001000100008000800100010001000100012001200100000000A001A0018001800100011001E0018000A00080002000000068006800800080004000400000000800300030009000B000088008000000001C0D00001052000001E400B400200120117010B001700120014000C005F0057081E080600068012800E000A0
	2160216000220162012001600860096001C000E001C001D0039002C040A041C000EC00CC0060000010A810E8008900A100C800E8042804000018001800D000B001100110205020101C0D00002EC7000000C0013001B000C0004001B001B00040006001B001900060006001800180006001600180008001600160008000C001
	20012000C000C00120013000C000C00130012000C800C80000008000C80048008000A000480068008000800068006800900098006800600098009800601C0D0000137600000150000001600030000001C00000011000C00000001000E00100004000000060000001C001000060008000400000016000000140008001600000
	0140000001600000004000000040000000400000012000C0010000000160008000600010014000800160010000D8000000400008006000400080000001200008010000000160000001480040018000480000004800200000004000A0000000400020000000A000000020008000200000006800000020009000200000008000
	5800080000008000080050004000A8001000400028000000400000360C00000EA3000000100100004000900000018000100040018000200190000000C0000001000080010000C0000000000080000001400000000001000040000000C001000000000000400000004000800040000001200080004001000000008000200040
	012000800160001000000008012000400100002800400000014000280040010000000008002001480000004000080000000000E800000000000000080040000000000008002000000028005000000040000000880060000000600088002000080000000000E8000000400020008800400000008800200000360C00003C9600
	00000000010021000000100000004000000000000000000020000000000000002000000000000000200000000000000020004000000000000000000000000000600000000000000020000000800000002000000000000000000000002000100000000000200000000000000000000001400000000000000008000000000020
	010000000000000000400000000000000000000000000000000000000000000000000000001800000000000000B00000000000000010002000000000001000200000000000100000000000080000002080008000000000000000370B0000E89100000020010000000100000000200000008000000020000000000000002001
	0000000000002000000000004001200000000000000100000000000000002000000000000000A000000000000000200100000000000000000000000000000000000110000000000010002000000000000000000000000001000000000000000100000000000080000000000040002000000000000000000040000000000000
	004000100000004000000010000000000000001000400000000000500000002000000010000000000020000000000000000000000080000000200000370B0000F9EE000000000000008000000000000000000000001000C0000000000000004000800000000000400000000000000040000000000000004001000000000000
	40000001000000004000000000000000000000000000000000004001000020000000400000000000000040000800000020000000000000000000000000000000800040000800000008000000800000004000000040000000000000000000200080000000000000002000000008000000000000000000000020000000000010
	000000C80000004000000080000000000000004000000000000000080000370B0000EC0A00000080002000000000000000000000000000200000000000000000002000000000000000000000000000000000000000000000000001000000000000800000000000000000010000000000002000000100000000000080000000
	00008000000000000000000000000000000080000000000020000000000000000000000000000000000000000000000000000000000008000000000020000000000000000000000000000000200000000000400000000000000000008000200000000000000000000000100000000000200000000000003500000074600000
	000000000100000000000140008000000080004000000000000000C00000000000000140008000000000004001000000002001C0000000000000014000000000008000000000000000400000004000000000000001600000010000000040000000000080010000000020000000000000000800000040000000000000014001
	0000000000012000000000000000000040000000000000000000000000000000400058000000000040000000080000000000000000000000400000000000000020000000480000000000000000000000A035000000C39B00000000014000000000000000200000000000400000000000000000010000000000000000000000
	00000020008000000000000000800000000000000080000000000020000000000000000000000000000000000000000000000000000000000000000000000000004000000000000000000040000800000000000000400000000000000008000000000000000000000000000000400000000800400000000000000080000000
	00000000000000000000000000004000000008001000000000000000000000000000000040000000000000350000008FB8000000000000000000000000000000000000000000000080000000000080000000000020000000000000000000000000004000800000000000400000000000000040000000800100000000100000
	00000000000000000008000000000000000000000000000000000000000000000000008000000000000000000000000000000000000000200020000000000000002000080080000000000000000000200000000000000000000000000040000000000040001000000000000000400000002000200000000000000000001000
	0000200020350000001FA1000000000080000000800020011000000100000000000000010000000080000000800040000000000100000000000000000000000000000000000000010000000000000000200000000001C000000000002000C0000000000000018000000100008000000040000800A001000000002000800100
	000000080080000000000000008000000000000800000000000000080000008000000008000000A0000000000000008000000000000000200080000000000000008000000000008000000048000000C0000000000008000000800040000000000000360500009B700000000000100040000000400000000000000000008000
	00000000400100000000000000000000800000000000000000000000000020000000000000000000000000000000000080000000000000008000000020000000800008000000600008000000000020014000080040000000080040000000000000000000080000000800400000004000000000008800000000000000000000
	00000000000000300000000000080050002000880008002000000088000000080020000800080000002000000000000000100080000000080030000800080040360500001D7F000000000000000100000000000000000000000000000000004000000000000000000000000000000000000000000000000000000080000000
	00000000000000000000000000000000000000000000000000010000400000000000000000004000000040000000080100010000000000000000000000000000000000000000000000000000000040000000400000000000000000000000000000000000400000000000000000010000000000000000000000000000000000
	0000000000000000000000000000802000000000000034060000B7D7000000000000000000000000000000000000000000000100000000000000000000000000000000000000000000000000000000000000000000000000002000000020000000000000000000000000000000000000000000200000001000000080008000
	000000000000000000000000000000000000000000000000000040000000400000000000080000000000000000000000000000000000000000008800000000000000000040000000000000008000000000000000000000000000280000000000000000000000200000000034060000B5E90000000000000000000000000100
	00000000000000000000008000000000000000000000004000000000000000000040000000000000000000400000000000000000000000000000000000000020000000400000000000400000000000000000001000000000000000000000002000000008000000400000004000000000000000000000000000000000000000
	2000000000000000000008000000000000000000000010000000000000000000000000000000000000000000200000000000000000000000000000000000000000340600005D9A0000000001000000000000400000010000000000000000400000000000000000000000400000000000000000000000000020000000000000
	00000000002000000040004000200110004000100000004000000048000000000000000000080100000000000000000000400000000000000000000800000000000000000020000000000008000800000000000000400010000000000000004000000000010000000000000000200008000000000000000000200000000000
	00000000000000000000000000000032010000DA8700000000000000000080000000000000008000100020000000000080000000800000010000000000004000000000002000000000000000200000000000000020000000000000000001800000008000000020000000400000000000400080000000300000000000080080
	0000000000000000010000000100004800000000010000000000000000000000000000000000000000200080000000000000000000400020000000100000000000500080000800000080004000900028000000000000000000400080000000000080000000000000009000080000000000000000380F000072420000000000
	01000100800000001000000080000000200000000000000080000000800100000000000040000000000000002000000000000000200000000000000020000000400080010000000000000000000000004000000000008000400020000000800000008000000000000000000000000001000100004800000000010000000000
	0000000000000000000000000000000000A0000000000000000000000040000000000000000000C000000008002000C0000000600080000800000000000000400080000000000000000000000000001080808008000000000000380F0000D1A800000000004000000040000000000000000000000010000000000000000001
	00000000000000000000000000000000000000000000000000000000000000000000000000000000000000008000000020001000000000000000000000000000000000000000080000000000200000000000000000000000000000000000000000000000000000000000000000000000000020000000000040000000100000
	00080000000000100000000000100000000000000000000000000010000000800000000000000000000000000000008000000000000000000000000000000000380F00008846000000000000000000000000000000000000000000000000000000000000000000000000000000000000000000000000000000000000000000
	00000000000000000000000000000000000000000000000000000000000000000000000000000000000000000000000000000000000000000000000000000000000010000000000000000000000000000000000000000000000000000000000000000000000000000000000000000000000000000000000000000000000000
	00000000000000000000000000000000000033330000951C00000000000000000000000000000000000000000000000000000000000000000000000000000000000000000000000000000000000000000000000000000000000000000000000000000000000000000000000000000000000000000000000000000000000000
	00000000000000000000000000000000000000000000000000000000000000000000000000000000000000000000000000000000000000000000000000000000000000000000000000000000000000000000000000000000000000000000000100000033330000F79000000000000000000000000000000000000000000000
	00000000000000000000000000000000000000000000000000000000000000000000000000000000000000000000000000000000000000000000000000000000000000000000000000000000000000000000000000000000000000000000000000000000000000100000000000000000000000000000000000000000000000
	00000000000000000000000000000000000000000000000000000000000000000000000000000000000000000000000000000000003333000001CB0000000000000000000000000000000000000000000000000000000000000000000000000000000000000000000000000000000000000000000000000000000000000000
	00000000000000000000000000000000000000000000010000000000000000000000000000001B160000C1770000000000000000000000000000000000000000000000000000000000000000000000000000000000000000000000000000000000000000000000000000000000000000000000000000000000000000000000
	00000000000000000000000000000000000000000000001B160000B4210000000000000000000000000000000000000000000000000000000000000000000000000000000000000000000000000000000000000000000000000000000000000000000000000000000000000000000000000000000000000000000000000000
	19150000B4210000000000000000000000000000000000000000000000000000000000000000000000000000000000000000000000000000000000000000000000000000000000000000000000000000000000000000000000000000000000000000000000000000191500003BC00000000000000000000000000000000000
	000000000000000000000000000000000000000000000000000000000000000000000000000000000000000000000000000000000000000000000000000000000000000000000000000000000000000000000000000000000000000000000000000000000000000000000000000000000000000000000000002317000046C3
	0000800200000000000000000000000000000000000000000000010004401010400400010000000000000000000000000000000000000000000002800820200880020000000000000000000000000000000000000000000001000440101000040000191400004A160000000000000000000000000000000000000000000000
	00000000000000000000000000000000000000000000000000000000000000000000000000000000000000000000000000000000000000000000000000000000000000000000000000000000000000000000000000000000000000000000000000000000000000000000000000000000000000000000000000000000000000
	00000000000000000000000000000000000000000000000000000000000000002E1D00004A160000000000000000000000000000000000000000000000000000000000000000000000000000000000000000000000000000000000000000000000000000000000000000000000000000000000000000000000000000000000
	0000000000000000000000000000000000000000000000000000000000000000000000000000000000000000000000000000000000000000000000000000000000000000000000000000000000000000000000000000000000000000002E1D000078C200000000000000000000000000000000000000000000000000000000
	00000000000000000000000000000000000000000000000000000000000000000000000000000000000000000000000000000000000000000000000000000000000000000000000000000000000000000000000000000000000000000000000000000000000000000000000000000000000000000000000000000000000000
	0000000000000000000000000000002B1C000078C200000000000000000000000000000000000000000000000000000000000000000000000000000000000000000000000000000000000000000000000000000000000000000000000000000000000000000000000000000000000000000000000000000000000000000000
	000000000000000000000000000000000000000000000000000000000000000000000000000000000000000000000000000000000000000000000000000000002B1C000078C2000000000000000000000000000000000000000000000000000000000000000000000000000000000000000000000000000000000000000000
	00000000000000000000000000000000000000000000000000000000000000000000000000000000000000000000000000000000000000000000000000000000000000000000000000000000000000000000000000000000000000000000000000000000000000000000000000000000002B1C000078C20000000000000000
	00000000000000000000000000000000000000000000000000000000000000000000000000000000000000000000000000000000000000000000000000000000000000000000000000000000000000000000000000000000000000000000000000000000000000000000000000000000000000000000000000000000000000
	00000000000000000000000000000000000000000000000000000000000000000000002B1C000078C20000000000000000000000000000000000000000000000000000000000000000000000000000000000000000000000000000000000000000000000000000000000000000000000000000000000000000000000000000
	0000000000000000000000000000000000000000000000000000000000000000000000000000000000000000000000000000000000000000000000000000000000000000000000000000000000000000000000002B1C000078C200000000000000000000000000000000000000000000000000000000000000000000000000
	00000000000000000000000000000000000000000000000000000000000000000000000000000000000000000000000000000000000000000000000000000000000000000000000000000000000000000000000000000000000000000000000000000000000000000000000000000000000000000000000000000000000000
	0000000000002B1C000078C200000000000000000000000000000000000000000000000000000000000000000000000000000000000000000000000000000000000000000000000000000000000000000000000000000000000000000000000000000000000000000000000000000000000000000000000000000000000000
	000000000000000000000000000000000000000000000000000000000000000000000000000000000000000000000000000000000000002B1C00004A8A000000000000000000000000000000000000000000000000000000000000000000000000000000000000000000000000000000000000000000000000000000000000
	00000000000000000000000000000000000000000000000000000000000000400000000000000008000008000000000000000000000000000000000000000000000000000000000000000000000000000000000000000000000000080000000000000000000000000000000000000000000000000000000000000000000000
	00000000000000000033330000BB5C00000000000000000000000000000000000000000000000000000000020000000000000000000000000000200000000000000000000004000000000000200000000000000000000000000000000000000000000000000008000000100000000000080000000000000000000000000000
	0000000000000008000000000000004000000040000000000000000000000000000000000000000000000000000000000000000000000000010000000000000000000000000000000000000000080000000000000000000000003333000060D900000000000000000000000000000000000002000000000000000000000000
	00000000000000000000000200000000000000020000000000000000000200000000000000000000000000000000000000000000000000000000000000000000000000008000000000000000000000000000000000000000000000000000000000000000000000000000000000000000000000000000000000000000000000
	00000000000000000000000000000000000000000000000000000000000000000000000000000000000000003333000082E00000000000000000000000000000020000000000000000000000000000000000000000000000000002200000000002000000000000000400000002000020000000000000000000000000000000
	0000000000000000080010000000000040000000880000000000080000080000000000000000080000000000000000004000000000000000000000000000000000000000000000000000000008000000000000000000000100000000000000000000000000000000000008000000000000000000003132000044C900000000
	00000000000000000000004000000000000000000000000000000000004000000000000000000000000000000200000000000000000000000000001000000000000000000000000000080000000000000088001000000000000800000000000000000010000000000000040000000000000000000000000000000000005000
	000008000000400000000000000000000000000000000000000000000000000100000000000000000000000000000001000008000000000100000000000000010000000008000000000000000000000000000036340000FCE80000000000000000000000000000000000000000000000000000000000000000004000000000
	00000000000000000000000000000000000000000000000000000000000000000000000000000000000000000000000000000000000000000000000000000000000000000000000000000000000000000000000000000000000000000000000000000100000000000000000000000000000000000000000000000000000000
	00000000000000004000000000000000000000000000000000000000000000000000000000000000000000000000000000363400000740000000000000000000000000000000400000000000000000000000000000000000000000000000000000000000000000000002000000000000000000000000100000000000000000
	00000000000800000000000000080080001000000008000000000000000000100000000000000000040000000000000000000000000000000050000000080000004000000000000000000000001000000000000000000000000001000000000000000000000000000000010000000008000001000000000000000100000000
	08000000000000000000000000000036340000F97A00000000000000000000000000000000000002000000000000000100000000000000000000000000000000000100000000000200000000000000000000000000000000000010000000000000000000000000000000000040000000000000000000000000000000000000
	000000000000010000000000000000100000010000000000000000000000000000000000000000000000000000000000000000000000010000000000000000000000000000000000000000000000000000000000000000000000000000000000000000000000000035100000C52C0000000000000000001000000100041000
	00000000000000000000000200004000000100000000000440000004100000000000000000020000000000000000000000000000000000020000000000000000000000000000000200001000000040000000000000000000000000000000000000000000100008000000000000000000400010000000000000000000000100
	00000000001001000000000000100000000000000000000000000000000000000000000000000000000000000000000000000000000000000000000000000000000035100000882200000000000000100000000001000010000000000200000000000000030000400000000001000000044004000110000000000000020000
	00020000000000000000000000001002000000000000000000000000000000020000000000001000000040000000000000000000000000000001000010000800000010000000000000004000100000000000000000000000000000001000000000000000100000000001000000000000000000000000000000000000000000
	0000000000000000000000000000000000000000000000000000000035100000CA1E000000000000000000000000000000000000000000000000000000000000000000000000000000000000000000000000000000000000000000000000000000000000000000000000000000000000000000000000000000000000000000
	00000000000000000000000000000000001C07000011E20000040004000500070000400000010001000110010003000110010001000000020002400000040004000410040004000400040004000110010000000040000000080000005000000008000000100018000000000100000000000000000000000000000002000200
	0200030000001C07000053BC0000D2B44BAC2D4AF47292944BAC7D6AA452929C5FA4696AA45A97945AA66968A55A96965AE5E929255A96D6FAA54939254ABED6D2B549292F4EB4D2D2B54B2D2DCAB453D2B44BAD2D4B747212944BAD7D6B2452129C5FA5696B245A17945AA76969255A16965AE500291B0800004EBB000000
	80000000000000000000000020000000000000000000000400000840000000000000000000040014000002000000000000000000000000000000000000000000000400000000000000000000400000000000000000000000100000800001000000000000000000200400000000000000000000080000000001000000000000
	0000000000000000000000400080000000000000000000000020000000000000000000000000000840000000000000000000000010000002000000000000000004000000000000000000000001000000000000000000000000000000380A0000CF830000000002000081000000004000026002000000100004080000004004
	0000020040000001000000000080000040001000402000001000400000080000140000010002000001014000100080004000004100002000000000100001080000000005000002000000000100000000001C0900000F8300000080006000180002000004100400000000000000044004000400004040101010040001000440
	041000040011000001100000000000000440001000000000804020100810024000800020000800020000000000000000000000000000000000000100400010000400010000001C0200008DC1000002000050010002000000000006400000000001000000000002100010000004000000000000000018005000000040000000
	100000001000000040004000400100000000000100000000000000000000000000000000000100000000000000000000000000008000A01B03000044AF000000400040040000100100000000000140000000000040020004000410000000000000040000000050050004000408000000000050004800100010004000000000
	0100000000000000000000000100010001000108000000000000000000000000000800001A04000000CE00000540054001000000000001000140000000000100020002000050044000000040040000080448045000100518000004000010001801400140000000400000000001000000000000000000000000000000010001
	08000800000200020003000388008800001A04000030220000001000010101001002000600074004500410010005000400001001100210001000000000004000400000000000000000000001000000004001500050000000100140004000180010800000500018001000100010000001080000010000080008800080000008
	00001B0E0000AE0A000004000410001001000400000007500140010000500040054001100310000000000110011001100110001000100150015001400040014001400050005000400050010800080010001000100058000000000000000000100110010801080000000000080008010000001B0E0000066600000310011001
	100010001000000310001001100110010001100400070000100210000004000040004004000400040000000000000001000100004000400000000000100000004801480040000800580018001000180018001800080108010801080000000000080008000800081C0D000014FF000001140714029001901310131001100310
	01300770055005508700850002080008041000502510251005520552001004100940094001400150010001400200020041584148001C001C008800C011481018000901010128002805180418010800080200020002080308230822081C0D000082EF0000060005100110020006000110011006400640011001100040020007
	1000100240014005100410014005400410045001400100005000500100011000500040011001100048004801100010004800488110011000080008011001100008000801000008020803000008000803001C0D00009D5100000200000002000610010000000300001006400210000002400140000003000200004000000600
	01000200040000000500014004000050010006000240004000000440000003100000000000000000011000100040010004500100000000000100004004080040000000100040000001100048000001000000010000000000014000580200000000500110000000400100001800400000000001080000000001000008010000
	0000000000010001000000010800000000010801000000000001080000000000000200000000000008000000000000360C0000121F0000020006000010020000000400061000400200024000000210004001000610020000000100060001000200070004000140000001000040000000000040000004400200000001000000
	00000040000004400010040000000050014004100410010000000000005004080010054000000158000000480000001801000000000001580010000800000158014000000040010800000040000000080100000000000108000001000108000000000100000000080100000000000108010000000000010800000000000000
	08000002000100000000080000360C0000503B000001000000000001000400000002000000014000000000000001000010000005000100021001000000010004000000000000000040000000000000020001000000000000000010000000000400000000000010000000000040000000000400000000000100005000000000
	0010000000000000000000000000000000000018000000000010000000000000000000500000000000000010000000000000010000000000000000000100000000000000000000000000000000000000000000000000000000000000000000000000000001000000000000000000370B0000B0A20000000002000000000000
	00000000400000000002000040000000000200000000000000000000000000040000000140000002000000000006000000000000400200000000000000000001100000000000000040000000000000000004000000000000000400000000000000000000000040010000000000004000000000000000400240000001000000
	0000000000000000000000000100000000000000001000000000000000000000000000000100000800000000010000000000000000000000000000000000000000080000000000000000010000000000370B0000EB450000020000000001000000000200040000000200000000000100020000000000000000000200000004
	00000000000000000000000000000000000010040004000000000000000000000000000000004000000000000000000000000000000000000001000000000000000000000000000000000000000000000001400000000000000000010000000010000000000000000000000100000000000000000001000008010000000100
	0000000801000000000000000100000000000008000000000000000000000000000000000000000081000000000000000000370B000003C10000000000000100000004000000000000000400030000400010000001100000001000000210000000100000020000000010010000000440000000000000004000000000000001
	00014000100000010000000000000001000040010000400100000005100000010000000000000000000040000000000100000800000000000000080000000001000000001000000000000801000000000000000000000000000000010000000000000000000000000000000000000000000000010000000000000001000008
	000000000000000000000000350000003FA600000000000000000000010000000000001000000000000000400000000000000000000000000000000000000040000000000600001000000000000000000010000000000000000000000000000000000000000000000000001000080000004000000000000000000000000000
	000000011000000000000000000000010000000000000000400040000000000000000000000000000000000000000000000000000000000000000000000008000000000000000000000000000000000000000000000000000000000000000800000000000035000000522A0000040000000000004000100440000000000000
	04000000040000000200000000000000000000000000000000000000000000000000000000000000000004000000000000000000000000000000004800080000000000000008000000000400000000000000040000080400000000100000000000000400000000000000004000080000000000000008000000000000000000
	00000000000000000800000000000000080000000000000008000000000000000800000000000800000000000000000008000000000000000800000000000835000000ED1E00000000000001000000000000000000000000000000000000000000000000000000000000000100000000000000000000000000040000000000
	00000000000002000000000001000040000000000000000000000000000000000000000000000100000000000010000000400000000000000000000000000000000000000000000000100000000000000100000000000008000000000000000000000000000000000000000000000000000000000000000000000000000000
	0000000000000000000000000000000000000000000000000035000000E148000000000001004100000200000000000040000000000000000002000000000000000200000000400000000000000000000000400000004000000000010000000000050000400010000000000000001000000040001000000000000000000000
	00100000004000000140000000000000000000000000010000500108000000000000004000000000000001000040000000000000000000000000010800000000000000000000000000000000000000000000010000000000000001000000000000000000000000080000010000008000800000000000360500006E8C000000
	00000000100000001000000210010000000000001000000000000004000400000000000100020000000000004000000000000000000000000000000000040000400010000000000010000000000000000000000100001800000010000000480000001000000000000800080000001800000000000000000000001800000010
	0000000800000058000000000000000800000000000000000000000000000100000800000100000001080000000000000008000000000000000800000000000000080000000000000008020000000000010800003605000052FC00000000000000000000000000000000000000000000000000000000000000000000004001
	00000000000000000000000000004000000000000000000000001000000000000000000000000000000000040000000000000000000000000000000100000000000000010000000000000000000000000000000000000000000000000000000000000000000040000000000000010000000000000000000000000000000000
	000000000000000000000008000000000000000000000000000000000000000000000000000000000000340600009D8D00000010000000000000000000000000000000000000010000000000000000000000000000000000000000000000000002000000000044000000000000000000040000000040000000000100000000
	00020000000000000000000000000000000000000000000010000001000000004000000000004000100000000002000000000000000808000000500000000000000000000000000000000000000000000000000000000000000000000000000000000000000000000000000000000000000000000001000000000000000000
	3406000088DF00000000000000000000020000000000020000000000000000000040000000000000000000000000000000000100004000000000000000000000000000000000000000000000000000000000000000000000000000000000000000000000000000000000004000000040000000000000000001100000000000
	0000000000004000000000000000000000010000000000000000000000001000000000000001000000000000000008000000000000000001000000000000000000000000000000000000800000000000000000000034060000EAD5000000000200000000000000000000000140000000000040000000000100000000000140
	00000000004002000000000000100000000000000400040000000000010040000000000000000600000000000000000001100040000001000000010000500000001001000000000000000000004000000010000002400040000001000000080000100100000000000008000000000000000000080000000000000000000001
	00000000000000000000000000008000000000000801000000000000000000000000003201000072120000010000000000000000000000000000000400000000000000000000100000004000000200010000000000000000000040004000000020010002400400000000000000000000000100040000000000000004000040
	00000100000005000140001000000000000000000000004000000000040000000000011000000400000000800000020000000000000000000000004000000000000000100000000000000000000000000100000000000000000800000000000000000000000000000000000000000020000000000200000000000000004001
	080000000000000000380F0000F71200000000000000000000000000000000000000000000000000000010000000000000000002000000000000000000004000000040000000000000000000000000001000000000000001000000000000000000000000400000000000000000000000500000000000000000000000000010
	0000000000000000000000000000000000000000000000000000000000000000000000000000000000000000000000000000000000000000010000000000000800000000800000000000000000000000000000200000008000000200000000000000000001000008000000000000380F0000D4440000010000000000000000
	00000000000000000004000000000000000000000000600000000000000100000000000000000000000000012000000240000000000000000000000000000004000000000000000400000000000100040001000100000000000040010000000040040000000100040000000110000004000000000000800000000000000000
	000000000000004000000000001000000000000000000000000000000000000000000000001000000000000000000000000000000000000000000000000000000000000000000000000000400000000000000000380F0000A15700000000000004010000000000000000000000000000000000400000000000800000000001
	00000000000000004000400000000000000000000000000000020000000000000000000400000000000000044000000000000000000000000000000400000000000000000000000000000000000000000001000000000000800000000000000000000000000000000000000000008000400000000000000000000000000080
	0000000000000000000000000000000080000000004000000000000000400200000000008000020000000000000035100000AB1C000000000000000000000000010000000000000000000000000000000000000000000000000000000040010000000000000000000000000000000000000000000000000000000000000000
	00000000000000000001000000000000000000000000000000000000000000000000000000080000000000000000000100000000000000000000000000000000000000000000000000000000000000000000800000000000000000000000000200000000000000000000000000000000000000000000000000000000000200
	00000000000000003510000042DA0000000000000400000000000000000000000000000000400000000000000080000000000100000000000100004000400000000000000000000000000000020000000000000000000400000000000000044000000100000000000000000000000400000000000000000000000000000000
	00000000000100000000000180000000000000000000000000000000000000000000000000000000000080000000000000000000000000000000000200000000000000000000000000000000000040000002000000000002000200000000000000351000009DE1000000000000000000000000000000000000000000000000
	00000800000000000000000000000000000000000000000000000000000000000000000000000000000000000000000000000000000000000000000000000000000000000000000000000000000000000000000000001C07000018E00000000000000000008000000000000000000000000000000000000000400040020002
	00024002400200020002000600044004400400040004C000C0008000C000C000800080008000000000008000800080008000800080008000800000000000000000000000000000000000001C070000607C0000D2B44BAD2D4BF47292944BAC7D6AA452929C5FA4696AA45A97945AA66968A55A96965AE5E929255A96D6FAA5
	4939254ABED6D2B549292F4EB4D2D2B54B2D2DCAB453D2B44BAD2D4B747212944BAD7D6B2452129C5FA5696B245A17945AA76969A55A96965AE500291B080000BADE00000080010000000000040000000020004000000000000000000400000840000040000000000000040010000002000000000000010001000000000000
	00000000000100000000000000000000000000010001800000000000000010000080000180000000000200000020040000000001000000020008000000000100000040010001000000000000000000004000400200020000000000000000200000000000000000000000000008400000000000000000000000100000020000
	00800080000004000000000000000000008001000000000000000000000000000000380A00008E68000000000500008001000100440001200040010010000508004001000400040201000000050005000080800004400100020020000110000000000800070400000000020000010040000000800040020042000020000002
	00100002080000020006000002020000000180020000001C09000098EA0000008004200408018204000400040000400040040004000040004004004440104004400100004000100504050101C005C00100010003400200038001800100828026800C8002000080002000080202028000800200020002800000008002800280
	0080408012800600010000001C0200002D8200000440004004000400044004000540054004400440044004000040004004800480054005400540014000400240018002C002C002C00380024002C000800000024002800280028002800080028002000280028002800280028002000280020002000280028002C000401B0300
	003CEC0000000000000000040000400040040004000000004001000500014001400500048001C000C005800500010003400140034000800000034002C000C00040020002800080000000000200008000800280028000800080008002800080000002400240000000001A04000001CC00000000000005000100000000000040
	00400040000005000100000000000100018000800000040004000340018002C000C0000000000040014000400040000000000000000002000080000000800080008000800080028000800080008000C00040000000001A040000822D0000040000000400050000000100040004000440000004000400010001000440014004
	4004000340070005800300014007C000800200034001C000C0028003000080000002000040028000800200020000800080028002000280008002800280008000800280008000001B0E000052890000010005000100010004000400000000400040044000000000040006000200060006000640050001C003C0054007000080
	03C00040000002000200004000C002400280008002C0004002000080008002000200000000800080028000800080028002800080028000001B0E0000755F000001000400000100000400040000000000014005000000000000000000054005400000044000000240034005C006800080018007800040004003800380000001
	C0014000C0028002800040024000400240008000800200020000000080000002800080000002808280008002801C0D0000B93B00000504010404800580100010000400040004200060044004008400840003080308074003002240200004820302004006800E400840030003000150005002C0020042C04340000400040240
	00C012C010C00201020100A000A006800600028000800288028801800180228020801C0D00004CD3000000000100010000000000018001000040004001000100004000400100010002400200000000000300030004800480034001000480040001000100008000000100014000400040000000800040004000000000000000
	00000000000000000000800080000000000080008000001C0D0000CDD8000000000100000001000100000000C00000000000400000014000400000000005000000004004400100004000000040010000000000000001000100000000000300000002000040020000000200000001800000020000C001000100028000400180
	0100000000400000010000800100020001000000004004000000000000400100010002C00100024000000040000002800040008000000000000000800000000000000080000000000200000080000000000000000000000000000080000000000080008000000000008000000000000002800000360C0000D7420000010000
	0000000500000001000440000000000140000000400040000001000040000000400100004000400000050000000000000001400000050000000040010000000000000000000000010004C002800000010000800280000000000400000001000000050002000100000004400100010000800100000000000480010000400100
	00400100004000000000000000400080000000000000000000000000000002000000000000000000808000000000000000000080008000000080000000000080008000000000008000000000000000800000360C0000621F000000000001000100000040000000400000000000000000000000000000000000000000000000
	00000000000000000000400000040000000000004000000000020000000000000002000080024000000280020000000000020004000000000004000000000000000400000004000080040000000000000000800000000001000000000000000000000000000000000000000000000000000000000000000000000000000000
	00000000000000000000000000800000000000000080020000800000000000000000000000000000000080008000000000000000370B0000A509000000000100000000000000000000000140000000000000014000000000000001400000000000000100000000000000010000000000000000000000000000000000000000
	00000000000500000000000000018000000000040000000100000000000000060000000000000001000000000000000000000000000100000000000200004000000000004000400000000000000000000002000000000000000000000000000000000000000000000000000000000000800000000000000000000000000000
	00000000000000000000000000000000000000800000370B00003952000000000000000000800000000000000000000000000040040000400000000000000440000000000001000000000000000000000100000000000000000000000000000000000000000000000000000000800000000000000000000001000000000000
	4000000000010000000100000000000400000000000000000000000000010000400000000000000000004000800040000000000000000000000000000000800000000000000000000000000200000000000200000000000000000000000080000000000000000000000080000000800000000000000000370B0000C9A00000
	04000000000000000000000001000000000001000000000000000100000004000000010000000000000001000000000000000100000000000000000001000000000000000000024000000000034000000000000001000040000001000080000000000000000001000000000000000000000000000000014000000040010000
	0000000000000004000000000000000000008000000000000000000080000000000000000000000000000000000000000002000000000000000000000000000000000000000000008000000000000000003500000065E100000000000000000000000000800000000000000000000000000040000000000000004000000000
	00000000000000000000000000000000000000000000000000000000000000000080000000000000000000000400000000000080000000000000010000000000000000000000000000000000000000000000000000000000000000000000000000000000000000000000020000000000020000000000000000000000000000
	000000000000000000000000000080000000000000000000000000000000000000000000000000000000003500000033E5000000000040010000400000010000400000000000000000000000000000000000400000004000000000000000000000000000000000000000000000000000400000000000000000040000000000
	00000000000000000000000000000000008000000000000000000080000000000000000000000000000000000000000000000000008000000000000001000000000000000000000000000000000000000000000000000000000000000000000000000000000000000000000000000080000000800000000000000000000000
	00000000003500000015C70000000000000000000004000000018000400000000001000000000000000000000000000000000000000000000000000000000000000000000000000000000000000000000000000000044000000000010000000000000001000000000000000100000000000000000000000100000000400000
	0000000002000000000002000000004001000000000000400000008000000000000000000000000000000000000000000000000000000000000000000000000000000000000000000000000000000000000000000000000000000000000035000000F230000000000000048000000000040000000000000000000000000000
	40000000000000000000000000000000000000000000000000010000000000000000000000000000000000004000000000000000000000000000000000000000000000020000000000000000000100000000000000000000000000000000000000040000000000000000000000000000000000000000000000000000000000
	00000000000000000000000000000000000000000000000000000000000000000000000000000000000000000000000000000080000000800000000036050000134300000000000000000000000001000000000000000000010000000000000001000000000000000100000000000400010000000000000000000100000000
	00000000000000008001000080000000000100000000800000010000000000000000000100000001000000004000000000000001000000010000000140004000000000000000000000000000000000000000000000000000000000000000000000020000000000000000000080000000000000000000000080000000000000
	000000800000008000000000000000000000000000000000000036050000AFA20000000000000000000000000000040000000000000000000000000000400000000000000000000000000000000000000000000000000000000000000000000000000000400000000000000000000000000000000000000000000000000000
	00004000000000000000000040000000000000000000000000000000000000000000000000000000000000004400000000000008000000000002000000000000000000000000000000000000000000000000000000000000000000000000000000000000000200000000000000000034060000D6D900000000000000000400
	00000200000000000000040002400000010000000000000004000000000000000000000000000000000000000040000002000000000000000000000000000000000000000000000000000000000001000000000000000000000002000080000000000080000004000000000000000000000000000000000000000000020000
	0000000000000000000000000000000000000000000080000000000000000000000000000000000000000000000000000000000000000002000000000000000000000000003406000010B600000000040000000000000000000000000000800000000000000000000000000000000000000040000000000100000000400000
	01000100000000000000000000000000000000000000010000000000000000000000000000000000000000000000000000000000000000000000000000000000000000000000000000000000000000000000008000000000000000800000000000000000000000000000000000000000000000000000000000000000000000
	00000000000000000000000000000000000000000000800000000034060000D6C100000400008006000000000000000400024000000000000000000000004000000000050000000000000000000100000001000000000000000000000000000000000000000000000000000000010040400000000000000000000000800000
	02000080000000000000000004000000000000000000000000000000028000C0000000000000000000000000000000000880020000000000000000000000000000000000000000000000000000000000000000000000000000000280000000000000000000000000320100004C570000000000000000008000000000000000
	00000000000000000000000000010000000000000000000000000000800000000001000000000000000000040000000000020000000080020000000000000000000400004000000000000000000200010000000000000002000000000000000040000000000200000000000000000000000000020000000040000000000000
	000000000080000000000000000000000000000000000080020000000000000002000000000000000200000000000200000000000000000000000000000000000000000000800000008000000000380F000066C900000000000100010000000000000000000000000000000000000400000001000000000000000000000000
	000000000000000100000000000000000000000000000000000000000000800000000000000000000000C0000000000000000003000000000000000000000000000000004000000000000000000200000000000000000000000000004001000040000000000000000000000000000000000000000000000000008000000000
	00000000000000000000000000000000000000000000000000000000000000000000000000000000000080008000008000000000380F00008753000000000000000000000000000000000000000000800000000000000000000000000001000000000000000000800000000000000000000000800000000000000000020000
	00000002000000000000000000000004000000000000000000000000000000000000000200000000000000000000000000000000000000000000000000000000000000000000000000000000000000000000000000000000000000000000000000028000000000000002000000000000000200000000000000028000000000
	0000000000000000000000000000000000800000000000000000380F00003C1C0000000000000000000000000000000001000000000000000000000000000000010000000000000000000000000000000000000000000000000000000000000000000000000000000000000000000000000000000080000002000000000002
	00000000000000000000000000000000000000000000000000000000000000000000000000000000000000000000000000020000000000000002008000000000000000000002000000020000000040000002000000000000000200008000000000000000000000000000000000000000000000351000000F0C000000000000
	00000000000000000000000000000200000000000000000000000000000000000000000000000000000000000000000000000000000000000000000000000000000000000000000000000000000000000000000000000000000000000000000000000000000000000000020000000000000000000040000000000000000000
	000000020000000000000000000000000000000000000000000000000000000000000000000000000000000000000000000000000000000000000000000000000001000000000000000000000035100000744F0000000000000000000000000000000001000000000000000000000000000000010000000000000000000000
	00000000000000000000000000000000000000000000000000000000000000000000000000000000000000000000000000000200000000000000000000000000000000000000000000000000000000400000000000000000000002000000000000000000020000000000000002008000000000000000000002000200000000
	40000000000200000000000000020000000000000000000000000000000100000000000000000035100000CA1E00000000000000000000000000000000000000000000000000000000000000000000000000000000000000000000000000000000000000000000000000000000000000000000000000000000000000000000
	000000000000000000000000000000000000000000000000000000001C070000C1ED00000200000000000000004000400040004000400040004000C000800080008000800080020002000000000000000000020002000200020000800000000000000000000002000200000000000200020002000200020002000200020002
	00020002000200000000000000010000001C07000053BC0000D2B44BAC2D4AF47292944BAC7D6AA452929C5FA4696AA45A97945AA66968A55A96965AE5E929255A96D6FAA54939254ABED6D2B549292F4EB4D2D2B54B2D2DCAB453D2B44BAD2D4B747212944BAD7D6B2452129C5FA5696B245A17945AA76969255A16965AE5
	00291B08000026B90000000000000000000000000000002000000000000000000000000000084000000000000000000000001000000200000040004000000400000000000000000000000140000000000000000000000000000000000000020000000010004080000000000000000000000020040000000000000000020008
	00000000010000000000000000000000000000000000000080000000000000000000000020004000400000000000000000000840000040000000000000000010000002000000000000000004000000000000000000000000000000000000000000000000000000380A0000F59E000000800000008100000080408000200000
	008010800008000000000400000200000240018000000000800000400000000020400010000000400840000400400000024000010000004000C0000000004000002000000000100000080040004004000002004000400100000000001C090000A15A0000008000200008000200800080000000800000000000400040004000
	004000104004C003800240001000040001004000400200004000C00040000002000240804020000840024000C00020004800420040000000000040004000000040004000400000404010400440010000001C0200000850000000800080008000000000000000400000004000400040004000C002C002000000004000400040
	0240004000000040004000400240024000400040000000400040004000000040004000400040004000400040000000400040004000000040004001000000004000401B03000024A7000000800000000000800080000000000040004000400000008000C00040000000000040004000000200000000C0000000000200024000
	00000000000040000000000040004000000000004000400000000000000040020000000000004000000000004000001A0400007CE70000000000000000008000800000004000000000000000000080008000000200020000000000020000000240020002000200004002000000000002400200000000000200020002000200
	020002000200020000400000000002000140010000000000000000001A0400004FE1000000000081000100800080000000000080000000800080000000000200024000000000008000400240020000000040004000000200024000800040000000400040004000000040000000400000004000000000000000400040000000
	000040000080408000004000001B0E0000D9E9000000800000008000000000008000C000400080008000C000C000800280028000400040004000000200004000400000000000400240020000400000004000000000000000400000004000000040000000400040004000000000004000400000004000000040000000001B0E
	00002F2B000000000080000000000000000000800080004000C000000000004000400240000000C000C00000000002400240000000000000000002400040008000400000004000000000000000400000004080000040000000400040004002000200024000400000004000000040000000401C0D000021C000000084000400
	800080108010800040004000E000600440044080C080C0008800C8038003802040204002020002024002400A400A40000002000050009002400200424042400044000402C0028012401200024102010220022006400640000002000048000801400100214021001C0D0000EF9E000000000000000000000000000000000040
	00400000000000400040008000800240020000800080000002000000000002000200000000000200008000800000000000000200000000000000020082000000000002000200000000000200020000000000000000000000810001001C0D0000CEDD0000000002000000008000000000008000400000004000000000004000
	0000000040000000400000008000400000008000000080000000C0000000800000000002C00000000002C0000000800000000000000000000000400000020000000200004000000000000000000000000000800200008000000200004000000000000000000000000000000000000000000000000000000000000000000000
	00000000004000000000004000000200000000000040000000000000000000000000000000000000000000000000000000000000000000000000360C0000AFEB000000000000000000000000000000000000000000000000000000000040008000000000000000000000000000400040000000000000000000000000000000
	00020000800000028000000080000002000000004000000000020000000000000000000000000000000000000000000080004002000000020000000000000000000000000000000000000000000000000000000000000000400000000002000000000000000000000000000000000000000000000000000000000000000000
	000000000200000000000000000000000100000000000000360C0000D1AB00000000008000000000000000000000000000000000000000000000000000400000000000000000000000000000000000000000000000000000000000000000000000000000000000000000004000000000020000000200000000000000000000
	00004000000000000000000000000000000000000000000000000000400000000002000000000000000000000000000000000000000000000000000000000000000000000000000000000000000000000000000040000000000000000000000000000000000000010000000000000001000000000000000000370B00002313
	00000000000000000000000000000000000000000000000000000000000000000000000000000000000000400000000000000000000000000000000000000280000000000000000000000000000000000000000000000000000000000000000000000000000000000000000000800000000000000000000000000000000000
	00000000000000000000000000000000000000000000000000000000000000000000000000000000000000000000000000000000000000000000000000024000000000000000000000000000000000000000000000000000000000370B00004429000000000000000100800040000000000000000000400000000000400000
	00000000000000400000000000000000000000000000000000000000020000000080000000800000000000000000000000000000020000000000000000000000000000000000000000000000000000000000000000000000000000000000000000000000000000000000000000000000000000000000000000000000004000
	00000000000000004000000000000000000000000000000000000000000200000000000000000000000000000000000000000000000000000000000000370B000063AD000000000000000000000040000000000000008000000000000000000000000000000000000000800000008000000000000000800000000000000000
	00800000000000000000000000000000000000000000000000000000000000000000000000000000000000000000000000000000004000000000000000000000020000000000000000000000000000000000000000000000000000000000000000000000000000000000000002000000000000000000000000000000000000
	0000000000000000000000000000000000000000000000350000008FAA0000000000000000020000000200000000000000000000000000000000000000000000000000000000000000008000000000000000000080000000000000004000000000000000000000000000000040000000000000000000000000000000000000
	0000000002000000008000000000000000000000000002000000000000000000000000000000000000000000000000000200000000000000000000000000000000000000000000000000000000000000020000000000000000000000000000000000000000000000000000000000000035000000C0B1000000000000000000
	00000000000000004000000000000000000000000000000000004000000000000000000000000000000000004000000000000000000000000000000000000000000040020002000000000000000000000000000000000000000000000000000000000002000200000000000000000000000000000000000000000000000000
	000000000000000000000000000002000000000000000000020000000000004000000000000002000000000000000200020000000000000000000000000002000000000000000200000035000000BE560000000000000000000000000000000000000000000000000000000000000000000000000000000000000000000000
	40000000000000000000000000008000000000000000000000000000000000000000000000000000400000000000000000000000000000000000000000000000000000000000000000000000000000000000000000000000000000000000000000000000000000000000000000000000000000000000000000000000000000
	00000000000000000000000000000200000000000000000000000000000000000000000035000000D2DA00000000000100010000000000000000000000000000000000000000000000000000000000000000000000000000000000000000000000000000000000000200000000800000000000000000000000000000000000
	00000000000000000000000000000000000080000000000000020000000000000000000000000000000000000000000000000000400000000000400000000000000000000000000200000000000000000000000000000000000000000000000000000000000000000000000040000000000000000000000100800080000000
	000036050000211C0000000000000000000000000000000000000000008000000000000000000000000000000000000000000000000000000000000000000000000000000000000000000000000000000000020000000000000000000000000000000000000000000000000000000040000002000000000002000000000000
	0000000000000000000040000000000000000000000000000000000000000000000000000000000000000000000000000000000000000000000000000000000000000000000000000000000000000000000040000000000000000000000000360500001F720000000000000000000000000000000000000000000000000000
	00000000000000000000000000000000000000000000000000000000004000000000000000000000000000000000000000000000000000000000000000000000000000000000000000000000000000000000000000000000000000000000000000000000000000000000000000000000000000000000000000000000000000
	000000000000000000000000000000000000000000000000000000000002000000000000000000000000000000000000000000000034060000CBAB0000000000000000000000800000000000000000000000000000000000000000000000800040000000000000008000000000000000000000000000000000000000000000
	00000000000000000000000000400000000000000000010000000000000000000000000000000040000000000000000000000000000000000000000000000000000000000000000000000000000000000000000000000000000000000000000000000000004000000000000000000000000000000000000000800000000000
	000000000000000000000034060000C1EA0000000000000000000000000000000000000000000000000000000000000000020000000000000000000000000000000000000000000000000000000000000000000000000000000000000000000000000000000000000000000000000000000000000000000000000000000000
	008000800000000000000000000000000000000000000000000000000000000000000000000000000000000000000000000000000000000002000000000000000000000000000000000000000000000000000040000000000000000000000000340600000B1D00000000000000000000000000000000000000000000008000
	40000000000000008000000000000000000040000000000000000000000000000000000000004000000000000000000000000000000100000000000000000000000000000000000080000000800000000000000000000000000000000000000000000000000000000000000000000000000000000000000000000000000000
	00400000000000000000000000000000000002000000000000000000000000000000000000000040000000000000320100002ED900000000000000000080004000000000000000000000008000000040000000800000000000000000008000000000000002000000004000000080000000400000000000000000000000C000
	00000000000000000000400000000000000000000000400000000000000000000000000080000000000040000000000000000000000000000002400000000000000000010000000000008000400000000000000000004000000000000000000000000000000000000000000000000001000000000000000000000000000040
	0000000000400000000001000000000000000000380F00008B7A0000000000000000000000000000000000000000000000000000000000000000000000000000000000000000000000000000000000000000000000000000000000000000000000000040000000000000000000000000000000000000000000000000000000
	00020000000000000000000080000000000000000000000000000000000000000000000000000000000000000000000000000000000000000000000000000000000000000000000000000002000000000000000000000001000000000000000000000000000000000000000040000000000000000000000000380F00004E04
	00000000000000000000000000400000000000000000008000000000004000800000000000000080000000000000000002000000004000800000000000400000000000000000008000000000000000000000000000000000000000000000000000400000000000000000000000000000000000400000000000000000000000
	0000000040000000000000000000000100000000000040000000400000000000000040000000000000000000000000000000000000000000000000000000000000000000000000000000400000000000000000000000000000000000000000380F00008AD50000000000000001008000000000000000800000000000000080
	00000000000000C00000000000000000000000000000000000000000000000400000010000400080000000000000000000000000000000000000000000000040000000000000004000000000000000400000000000000000000000000000004000000000000000400000000000000040000000000000000000000000000000
	0000000000000001000000000000000000004000000000000000400000000000000040000000000000004000000000800000400000000000003510000038FF00000100000000000000000000000000000000000000000000000000000000000000000000000000000000800000000000000000000000000000000000000000
	00000000000000000000000000000000000000000000000000000000000000000000000000000000000000000000000000000000000000000000000000000000000000000000000000000000000000000000000000000000000000000000000000000000000000000000000000000000000000000000000000000000000000
	0000400000000000000100000000000000000035100000BAF3000001000000000000800000000000000080000000000000008000000000000000C00000000000000000000000800000000000000000000000000000010000400080000000000000000000000000000000000000000000000040000000000000004000000000
	00000040000000000000000000000000000000400000000000000040000000000000004000000000000000000000000000000000000000000000010000000000000000000040000000000000004000000000000000400000000000000040000000000000004000000000000035100000CA1E00000000000000000000000000
	000000000000000000000000000000000000000000000000000000000000000000000000000000000000000000000000000000000000000000000000000000000000000000000000000000000000000000000000000000000000000000000000001C07000020D10000030002000200028003C000C00080008001C001400040
	01C00180008000C000C000C000C00080000000000100014000400000010001000000004001400000000000400040000000000000000000400040004000400000000000400040010001000100010000400040010000001C070000607C0000D2B44BAD2D4BF47292944BAC7D6AA452929C5FA4696AA45A97945AA66968A55A96
	965AE5E929255A96D6FAA54939254ABED6D2B549292F4EB4D2D2B54B2D2DCAB453D2B44BAD2D4B747212944BAD7D6B2452129C5FA5696B245A17945AA76969A55A96965AE500291B08000039830000000000000000000000000000002000000000000000000000000000084000000000800200000000001000000200000000
	00000000060000000000000000000000000000000000000000000000000000000000000000000000001000008000000000000000000000002004000000000000000000000800000000010040000000000300000000000000000000000080000001000000000000000020000000000000000000000000000840000040000001
	000100000010000002000000400040000004000000000000000000000000400000000000000000000000000000380A0000518300000000000000800000000042000020000000001000008800000000040000020000000001000000000080000040000000002000005000000000080000040000000003000001000000000080
	010001004000002001000000100000080000000004000002000000000100000000001C0900006A5A000000800120000802020200030002000000000002000000020000000000408012000600010000400010000401010040004000000000000000000040004000008000200009000300008001200008010200000040004001
	00000000400140004000400100410011000440010000001C02000042930000020002000200000001000000020002000100010000000080020000000000000000000100004000400100010000000000014001400000000001000100010001000100010001000100010001000100000000400140014000400100010000000000
	01800100010000001B03000090030000000000000000000002000080008001800000020002000200000000000000000001000000000000000100000000400040000000000100010000000000000001400040000000400040010001000140004000000100010001400000004001000140000000001A040000B1D20000000000
	000000008001000280038002000080000000800000000000000000000000400140000000000000010000000040000000000100010000000100014001000000004001000100010001000040014001000000004000000000000000400000000000001A04000089F2000000000100000000000000030000000040010001000000
	02C002000000000000000080000001000040000000000000004000400040000000000040000001400140000000000000010000000000000001000000010001000000010000000040000001000100000000001B0E00005669000003000000000000000000000000400000010001000040000001000100000000800000000000
	400100000000000140010000400040010001000000004001400140000000000100010001000100010001000000000001000000000001000100014000000000010000001B0E000037AB0000020002000201020000000080008000C0008000800200034002C002400080000000400040008000C0000000000100000000000040
	01000000000000000040000001400100004000400000000001000100000000400140000000000140014000400140010000008000000000401C0D0000BB07000000040004028002801080120000C0008001A000A00540048080C080C00008008800C0014020C020800002000200400140084008000000010000100010020002
	4041004040004400440180018011001100014101010020016005000400004001400048004800000000214021001C0D00006A99000000800100000000000200018000800240020003800180024002C001800080000001C000800080004001000000000001000100004000400100010000000040000001000040014001000100
	000000000100010000400040010001000040004001000000004001400100000000401C0D000052CA000000800000000002800000000000000000004000000200020000000000020002000100008003000280000002800000000000800100000000000200008000000080000000000000008000000000000000000000000000
	00000000000000000000400100004000000000000000000000000001000000004000000000004000000000000000000000000000000100010000000000000001000000010000000000010000000000004000000100004000000100014000000040010000000040000000000100004000000000010000000040000001000000
	360C0000950B00000100000000000100000000800000000000800100000002000080000002000000028000000280000001800000008001000000008002000100020000400080000000000000010000000080000000000000010000400000010001000000000001000000004000000100010000000000010000000000004001
	000000004000000000000001000100000000000000000000000100000000400000000000000040000000000040004000000000004000000100000001400040010001000000000000000000004000400000000000000040000000000000360C0000B3A200000000000100010000010000000000000000000200000000000100
	00000000000000000000000000000000000002000000000000000200000000000000000000000000000000000000000000400100000000000000000000000000000000000000000000000000000000000000000000000000004000000040000000000100000001000000000000000000000000000000000000000000000001
	000000010000000040000000000000000000000000000000000000010000000000000000000000000000000000010000000000004080808000000000000000370B000087B800000000000000000040000000000000000000000000000000400000000001000000000000000040020000000000000000000000000000400040
	00000000000000000000000000000000000000000000000000400000000000000000000000000000000000000000000000400000000000000000000000000000000000000000004000000000000000000100000000000000000000000000000000000000000000000000000000000000000000000000004000000000000000
	000000000000000000000000000000000001000040000000000000000000000000370B000097D100000000000000000000000000000000020000000000000000000000000002000080000000800000000001800000000000000000000000000000000000800000000000000000000000000000000000000000000000000000
	00000040000000000000000000000000000000000100000000400000000000000000000000000000000000000000000000000000000000000000010000000100000000000000000000000000000000000100000000000000010000000000000000000000000000000040000000000000000000000000000000000000000000
	000000370B00006D2600000000000002800000000000000000020000000100000000000000000002000000020000000000000000000000000000000000000000000200004000000000000000000000000001000000000000000000000000000000000000000000000000000000000000000000000000000040000000000000
	0000000000000000000000000000000000000000000000000000000000000000010000000000000000000040000000400100000000000000000000000000000000000000000000000000000000000000000000000000000000000000350000002DED0000000000000000004000000000000000000000008000000000004000
	00008000000000000002000000000000000200000000000000000000000000000000000000000000000080000000000000000000000040000000000000000000400000000000000100000000000000000000000000000000000000000000000000000000000000000000000000000001000000000000000000000000000000
	000000000000000000000000000000000100000000000000014000000000000000000000000000000000000000400000000001000000350000005AC700000000000000000000000000000000000000000000000000000000000000000000024000000000000000000000000001000000000000800000000002000000000000
	00000000000000000000000000000000000000000000000000000000000000000000000000000000000000000000000000000000000000000000000000000000000000010001000000000000000000004000000000000000000000000000000000004000000000000000000000004000000000000000000000000000000000
	0000000001000000000000000000000035000000EC79000000000000000000000000000000000000000000000000010000000000000000000000018000000100008000000000000000000000000000000080000000000200000000000000010000000040000000000000000000000000000000000000000000000000000000
	000000000000000000000000000000000000000000000000000000000000000000000000000000000000000000000000000000004000000000000000000000000000000000000000000000000000000000000000000000000000400000000000000000000000000100350000000CDB00000000000000000000000000000000
	00000000000000000000000000000200000002000100020000000000000003000000000000000000020000000000000000000000000000000000000000000000010000000000010000000000004000000100000000000100000001000000000001000000000000000000000000000000000000000000010000000000000001
	00010000000000000001000000000000000100000000000100000001000000014000000100000000000000004000000000000000000000000000000000000000000000008000003605000001E00000000000000080000000800000000000800000000000000080000000000080000000000000008000000000000000800000
	00400200008000000000000000000080000000000000000000000000000000000000000000000100000000000000000000000000000000000000000000000000004000000000000000000040000000000000000000000000000000000000004000000000000000400000000000000000000000000000000000400000000000
	0000000040000000000000000000000040000000000000000001000000000000000000000036050000844D000000000000000100000000000000000000000000000000000000000000000000000000000000000000000000000000020000000000000000000000008000000000000000400000000000000000000000000000
	00000000000000000000000000000000000000000000000000000000000000000000000000000000000000000000000000000000000008200000000000000000000000000000000000000000000000000000000000000000000000000000000000000000000000000000000000000000000080000000000000003406000003
	EB000002000000000000000000020000000000000000000000000000000000000000000000000000000000000000000000010000000000000000000000000000000100000000800000000000000000000000000000000000000000000000000000000001000000000000000000000000800000000000000000000000000000
	00000000004000000000000000000000000001000000000000000000000001000000000000000000000000000000000000000100000000000000000000000000000000000000000000000000000000003406000070510000000000000000000000000000010000000000000000000080000000000000000000000000000000
	00000000000000000000000000000000000000000000000000000000000000000000000000000000000000000000000000000000000000000000000000000000000000000000000000000000000000000000000000010000000000000000000000000000000000000002000100000000000000000000000000000000000000
	000000000000000000000000000000000000000000000000000000000000000000000000000034060000CFE00000000000000200000000000000000000000000000000000000000000000000000000000000000001000200000000000000008000000000008000000000000000000000000000000000000000000000000000
	0000000000000000000000000000800000000000000000000000000000000001000000000000000000000000000000000001000800010000000000010000000000000000000000000000000000000000000100000000000000000000000000000000000000000001000000000000000000000032010000E2A8000000000000
	00000080000000000000000000000000000001000000000001000040000000000000020000000200000000000000000000000200010000000000000000000000000001000000000000000000000000400000000000000000000001000000000000000000000000000000000000000000000000000000004000000000000000
	0000000000010000000000010000000100000001000000000000000000010000000000000000000000008000000000000000000000000001000000000000000000000000000000000000000000000001000000000000000000380F0000FB720000000000010001000000000000000000000000020001000000000000000000
	00000000000000000300000000000200000000000000000001000000000000000000000000000000000000000000000000000000000000000000000000000000010000000000000000000000000000000000000000000000000000000000000000000000000000000000000000000100000000000000010000000000000000
	000000000001000000000000000000008000000000000000000000000000000000000000000000000000000000000000000000000081008000000000000000380F00006E9600000000000000000000000000000000000000000000008000000000000001400000000000000000000002000000000000000000000000000200
	00000100000000000000000000000000000000000000000000000000000000000000000000000000000000000000000000000000000000000000000000000000000000400000000000000000000000000100000000000000000001000000000000000000000000000000000000000000000000000000000000000000000000
	00000001000000000000000000000000000000000000000000000000000000000000000000380F00009F2D000000000000000000000000020000000000000002000000000000000000000000000000000000400000000000000000000000000000000001000000000000000000000000000000010000000000000000000000
	00000080000000000000000000000000000000000000000000000000000000000000000000000000000000000000000000000000000000000000000000000000000000000000000000000000000000000000000000000000000000000000000000000000000000000000000000000040000000000000000000000000000035
	100000FC9C0000000000000000000000000000000000000000000000000000000000000000000000000000000000000000004000000000020000000000000000000000000000000080000000000080000000000000000000000000000000000000000000000000000000000000000000000000000000000000000000000000
	0000000000000000000000000000000000000000000001000000000000000000000000000000000000000000000000000040000000000000000000000000004000000000000000000000000000000000000000000000000035100000785B000000000000000000000000020000000000000002000000000000000000000000
	00000000000000004000400000000000000000000000000000000000000000000000000080008001000000000000000000000000000080000000000000000000000000000000000000000000000000000000000000000000000000000000000000000000000000000000000000000000000000000000000000000000000000
	000000000000000000000000000000000000000000000000004000000000000000000000004000000000000000000000000035100000CA1E0000000000000000000000000000000000000000000000000000000000000000000000000000000000000000000000000000000000000000000000000000000000000000000000
	0000000000000000000000000000000000000000000000000000000000000000000000000000001C07000047DB00000000000000000080008000800080000000000200020000000000000000000000008000000000000000000000000000000000000000000000000000000000000000000000010001000000000000000000
	000000000000000000000000000001000000000000000000000000001C07000053BC0000D2B44BAC2D4AF47292944BAC7D6AA452929C5FA4696AA45A97945AA66968A55A96965AE5E929255A96D6FAA54939254ABED6D2B549292F4EB4D2D2B54B2D2DCAB453D2B44BAD2D4B747212944BAD7D6B2452129C5FA5696B245A17
	945AA76969255A16965AE500291B0800009AF9000000000000000000000000000000200000000000000000000000000008400000800080020000000000100000020000008000800200040000000000000000000000010000000000000000000000004000000000000000000000001000008000000000000000000000002004
	000000000000000000000800000000010000000000000200000000000000000000000080000000000000000000000020000000400000010000000000000840000040000000000000000010000002000000400040000004000000000000000000000000000000000000000000000000000000380A00005FB900000080000000
	800000000042000020000000001080000800000000044002020000000001000080000080000040000000002000001000000000080000040000000002000001000000000180000000004100002000000000100000080100000004000002000080000100000000001C0900006BCE000000800020000800020000000000000000
	000000C0000002000080008042001000040001000040001000040001000000000000000000000000000000000000800020000800020000800020010800020040014000000000000000000040000000000000400010000440010000001C0200007A940000008000000080008002800080000000000200020002000000000000
	00000000000000000000000000000000000000000000000000000000000000000000000000000000000100000000000140000000000000000000400000000000400000000001000000004000001B030000D6B10000000000000200020002800280028000800280020002800280008000000000000000000000000000000000
	000000000000000000000000000000000000014001000040014001400000000000000000000001000040004000400140014000000000000000001A040000FFDB000000000080028002800280028000800200020002800200028000800000000000000000000000000000000000000000000000000000000000000000000001
	0001400140004000000140000000000000000000400100004000400140014000400000004000001A040000741400000000000100810200000000000200008000000000000002000080000000000081008000000080000000000000000000000000000000000000000000000000000000000100010000000100010000000040
	0000004000400100010001000000004080008000000000001B0E00000BE100000000000000000000020000800080008000800000020000000280000000000080008000800000000000000000000000000000000000000000000000000000000001000000000001000100000000000000000000000100000001000100000000
	0000400000000000001B0E000033AA00000080008000000000020002000200020002000000020002000200028000000000008000800080008000000000000000000000000000000000000000000000000000000000000000000100010000000100014000400040004000000100010001000000004000000000000000001C0D
	00007AB600000084008400000080120012000280028000A002A0060006008200828000080008018001802080208000020002004000400800080000000000001000100200020040004000000400040180018011001000000101410060006005000400010001000048000800400100200020001C0D0000E76800000080000000
	800000020000800080020002000080008002000200008000810040008000800080000000000000000000000000000000000000000000000000000000000000000001000100000000000100014000400040000001000040010001000000004001400000814001401C0D00007654000000000200000000000081008000000000
	00000080000002000000000002800000008000800200000000800080000002000080008002000000008000000200000000800000000000000080000000000000000000000000000000000000000000000000000000000000000000000000000000000000000000000000000000000000000000000000000000000000000000
	000100000000000140004001000040010000000000004001000000004000000000000000000040010000000040004001000000004000000000000000400140000000000000360C00007B1300000000000000000080000000000000000000000000000002000000020000800200000002800000020000000000028000C00040
	00000200020000000200008000000000000000800080000000000000000000000000000000000000000000000000000000000000000000000000000000000000000000000000000000000000000000000000000000000100000000000100010000000100004000000100000001400140000000400100004000000000000001
	0000000040000001000000000000400000000000000040000000000100004001400000360C000051F10000000000000000000000000000000000000000000002000000000000000000008000000200000000000000000000000000000000000000000000000080000000000000000000000000000000000000000000000000
	00000000000000000000000000000000000000000000000000000000000000000000000000000000000000000000000001000000000000000000010000000040000000000000000000000000000000000000000000000000010000000000000000400000000000000040000000000000000001000000000000000000000000
	0000400000370B0000F9EC0000000000000000008000000000000000800200000000800000020000000000000000000000000000400000000000000000020000000080000000000000008000000000000000000000000000000000000000000000000000000000000000000000000000000000000000000000000000000000
	000000000000000000000000000000000000000000000000010000000000000000000000000001400100000000000000000000000000000000000000000000000100000001000040000000000000004000000000000000400000010000000000000000000000370B000004A900000000000000000080000100800000008000
	00028000000000020000000000008000000000000000000000000000400080000000000000000000000000000000000000000000000000000000000000000000000000000000000000000000000000000000000000000000000000000000000000000000000000000000000000000000000000000000000000000000000000
	000000000000004000000100000000000000000000000000000000000000000000000000000000000000000000000000000000000000004000000000010000000000010000000000370B000063D200000200000000000000000000000000000000000000000000000000000000800000000000800040000000000080000000
	00000000800000000000000200000000000000000000800000000000000000000000000000000000000000000000000000000000000000000000000000000000000000000000000000000000000000000000000000000000000000000000000000000001000000000000000000000000000040000000000000010000000040
	00000000000000000040010000000000000000000000000000000000000000000000350000009D5B000000000080000000000000000000000000000000000000000000000000000000000000000000000080000002000000000002000000020000000000000000000000000002000000000000000000000000000000000000
	00000000000000000000000000000000000000000000000000000000000000000000000000000000000000000000000000000000000000000001000000000000000000000000000040000000000000000000000000000000000000000000000000000000000000000000000000000000000000000000000000000035000000
	57630000000000800000000000000000000000000000000000000000008000000080000000000000000000000000000000000000000000000000000000000000000000000000008000000000000000000000000000000000000000000000000000000000000000000000000000000000000000000000000000000000000000
	00000000000000000000000000000000000000000000000000004000000040000001000000000000000000000000000000000000000000004000000000000000400040000000000000000000000040000000000000350000009D9E000000800000000000000000000000000000000000000000000000000000000000000000
	00000000000000000000000000000000000000000000000000000000000000000000000000000000000000000000000000000000000000000000000000000000000000000000000000000000000000000000000000000000000000000000000000000000000000000000000000400000000000000000000000000000000000
	000000000000000000000000000000000000000000000000000000000000000000000000000040000000000000010035000000EF8A0000000000010001000000000000000000000000000000000000000000000000000000000080000000800040000000000000020000000000000000000000000000000000000000000000
	00000000000000000000000000000000000000000000000000000000000000000000000000000000000000000000000000000000000000000000000000000000000000000000000000000000000000000100000000000000010000400000000000000000004000000000000000000000000000000000000000000000000000
	0000000000800080000000000036050000F80B000000000000000000000000000000000000000000000000020000000000000002000000000000000000020002000000000000000000000002000000000000000000000000000000000000000000000000000000000000000000000000000000000000000000000000000000
	00000000000000000000000000000000000000000000000000000000000001000000000001000000000001000000000000000000004000000000000000000000000000000000000000000000000000000000000000000000000000000000010000000000000000000000360500005F6E000000000000000000000000000000
	00000000000000000000000000000000000000000002000000000000000000000000000000000001000000000000000000000000000000000000000000000000000000000000000000000000000000000000000040000000000080000000000080000000000000000000000000000000000000004000000000000000400000
	0000000000000000000000000000000000000000000000000000000000000000000000000100000000000000000000000000000000000000000000000000000034060000D07B000000000000000000000000010000000000020000000100000000000000000000000000000000400000000000000000000000000000000000
	00008000040000000000000004000000000000000000000000000000000000008000000080000001000000000000000000000400200000004000000000002000000000000000000000000000000000000000000000000000000000000000000000004000000020000000000000000000000000000000000000004000000000
	0000000000000000000000000000000000400000000034060000777E000000000000000000000000000000000000000000800000000000000080000000000000018000000000008000000000000000000000000000000000000000000000000000000000000000000000000000000000000000000000000000000000000000
	0000000000000000000000000000000000000000000000000000000000010000000000000000000000000000000000000000000000000000000000000000000000000000000000000000000000000000000000000000000040000000000000004000000000000000400000340600001BE90000000001000000008000000200
	000001800000000000000080000000C0020000000000000000000004000000000000000400000000000000000000000000000000000000000000000000000080000000000180004400000000000000000080008000000020000000000000000000000000010000400000000000400000000000000000000000000020000000
	00000000000000000000000000000000000000000000400000000001000000004000000000000000400040000000400000000000000000000032010000D71C00000000000000000080000000000000000000000000000000000000020000000000010000000000000000000000000000810001000000000000000000000000
	00000000000000000000000000000000000000000000000000000000000000000000000000000000000000000000000000000100000000000000000000000000000000000000000000000000000000000000000400000000000000000000000000400000000000000000000000000000000000000000000000000000000000
	00000000000000000000000000000000000000000001000000000000000000380F00008313000000000000000000800000000000000000000000000000010002000000000000000200000000000000000000000000000000000001000000000000000000000000000000000000000000000000000000000000000000000000
	00000000000000000000000000000000000000000000000001000000000000000000000000000000000000000000000000000000000000000000000000000000000000000000000000000000000000000000000000000000000000000000000000000000000000000000000000000000000000000000000000000100000000
	0000000000380F0000A1850000000000000000000000000000000000000000000000000000000000000000000001000000000000000000000000800001000000000000000000000000000000000000000000000000000000000000000000000000000000000000000000000000000000000000000000000040000000000000
	00000000000000000040000000000000000000000000000000000000000000000004000000000000000000000040000000000000000000000000000000000000000000000000000000000000000000000000000000000000000000000000000000000000000000000000380F00009B87000000000000000100000000000000
	0000C000800000004000000000010000000080000000000000000000000000000000000000000000000000000000000000000000000000000000000000008000000000000001000040000000800000000000000000000000000000000000400080000000000180000000000000000000000000000000000000000000000000
	000000400000000000000000000000000000000000000000000000000000004000000000000000000000000000000040000000000040000000008000000000000000000035100000DBEF0000000000000000008000000000000000000000000000000000000000000040000000000000000000000040000001010000000000
	40000000000000000000000040000001000000000000000000010000000000008000000000000000000000000000C00000000000000000010000000000000000000000010001000000000000000000000000000000000000000000000000000000000000000080000000000000000000000000000000000000000000000000
	00000000000000000080000000000000008000000000000000000000000035100000B4EE0000000000000000008000000000000000C0008000000000000001000000000000C0000000000000000000400000000100000040000000000000000000000000000000000000000000000000008000000100008000000040000000
	00008000000000000000C000000000004001000000008000000000000001000000010000000000000000000000000000000000000000400000000000000000000000000000000000000000000000000040000000000000000000000000000000800000000000000000000000000000000000000000000035100000CA1E0000
	0000000000000000000000000000000000000000000000000000000000000000000000000000000000000000000000000000000000000000000000000000000000000000000000000000000000000000000000000000000000000000000000000000000000000000000000001C07000022BE00000000000000000080008000
	80008000800180018000800080008000000000004000000000000000000000010000C000000000000000400080000001000000000000000000000000000000000000000000000000800000000000000000000000000000000000000000000000001C070000607C0000D2B44BAD2D4BF47292944BAC7D6AA452929C5FA4696A
	A45A97945AA66968A55A96965AE5E929255A96D6FAA54939254ABED6D2B549292F4EB4D2D2B54B2D2DCAB453D2B44BAD2D4B747212944BAD7D6B2452129C5FA5696B245A17945AA76969A55A96965AE500291B080000CC44000000000000010000000000000000200000000001000100000000000008400000000000000001
	00000010000002000000000000000004000000000000000000000000000000000000000000000000400180000000000000000000100000800001800100000000000000200400000040010000800000080000000001000000400180020000000000000000000000008000000000000000000000002000800000000000000000
	000000084000000000C000000000000010000002000000400000000004000000000000000000008001800000000000000000000000000000380A0000FD2E0000000000000080000000004100012000000000100000080000000004400002000000040100000000848000004400000000200000140000000008000004000000
	0002000005004000000080000000044080006400000000100000080000000004400082004000000100004000001C0900003ABE000000800020000800020180008001000100008401840080008000040100400010000400010000C0001000840001008001800100010001400080010000000000818421000900020000800020
	004800820000000000000040004000800000000000400000400010000480018000001C0200008F170000008001800080008001C000800084008000440000000400040000000000000080008000400000008000000000018400C00000004000800000000000040000000400C00000000000800000000000C000400000000000
	C00080004000400040008000800000004000401B030000195200000180010001000100018001000004000000000180008000000100010000000184014001000100014000C0010000800100014001000100000000040000008000C0008000000000000000C000C000C000C00040004000800080000000000000008000C00000
	1A040000054C0000010001000100018001000100000400040000008000800004010001000100000000C00040014001C0014000040100000000400080008400000000008000C000800000000000800000004000C000C0004000C000C00040004000800000004000C0008000001A040000991E00000000000001000080008000
	000000008000800180010000000100014000000040000001400100008001800000004400840080008001000000014000000044010000C00040000000400080000400000000000000000080000000C400400040000000800080008000001B0E0000E04300000100010001000000000000800080000001000000008001000040
	000000400040000001000000008000800000000000440100010400040004000000C00080008000400040004000C000040084000000000080008000000000004000C0008000C000400000008000001B0E00006FD10000000000000100000001800180018001800000010001000180008000C000000041000000400100010001
	8001800004000401400100018001800100010000C000C401C00080004000400000004000800004008000800000000000000000004400C0004000C0004080C0008000001C0D0000DEBA00000004000401000000110011000100010001A001A00580050080808080004800480140000020002000018200820004000409000904
	0080000001100010028402804000404000040004004000C01000100000810001002000E0040004040044000400C8004801C00140200020801C0D0000172400000080010001800080000001800100000001000100010000000140014000010040004001C0000001000100018000C001C4014400C000C00184018001C000C001
	04014001C000400000008000400004008000800040004000800080000400C400800080004000400080008000401C0D00000B6A00000100008001000000018000800100000000000080010000000000008000000100000000000000000000000000000001C00100004001000004000000400000000400800000000000040100
	0000010000800100000000000184004000000100000000C00080000001800040010001400080010000C001000004008000C0014000800140000001400000000000400000000400000080000000040080004000400000000000C00000000000800080000000C000400080000000000080008000000040008000000040000000
	0000C00000004000000000360C000083B4000000000000010000800100000000000000000000000100000000000000010000000000018000400000010000000040010001000000004000040000000000000004010000000100000401000080000001000100000000C000040000008000000140008000C00100004001000040
	0040010001000000004000040180000000C0000001000000004000000000000000000004008000000040000400000000008000C0000000400080000000000080000000000040008000000040000000C0000000400000004000800080000000000080000000400000360C0000D47A0000010000010001000000000100000000
	00000000000000000000000000000000000000010000000000000000000000000000000000000000000004000001000000000400000100000000040000000000000000000000800000000400400000000000000040000000000040000000000000000001000000008000000004010000000040000000000000000000000000
	0000000000440000000000800004000000000000000000000000000000000040000000800000000000000000000000800040008000000000000000400000000080008080000000000000370B0000E5020000008000000000000000000000000000000000000000000000010000000000004000000000000000000040000000
	00004000000000000000000080000000000000000000000000000000800000008000400040000000000000008000000000000000000000008000000000000001000000004000000040000000000040000000000000000000000000000000000000000000000000004000000000008000000000008000000080000000000000
	00000000004000000000000000C0000000000000000000800040000000800000000000000000000000000000370B000049E00000000000000000000000000000000000000000010000800100000001000000000000000000000000400000008000000000000000000000000000000000000000000000000000000000000000
	00000000000000000000400000000000000100010000000000000000000040000000000000010000800000008000000080000000400000000000000040000000000000000000000000008000000000000000000000000000000000000000800040008000000000000000000080000000000000000000000040000000000000
	0000000000000000000000000000370B000070C80000010000000000008000000100000000000080000000000000000000000000000000000000000001400000000000000000004000000000000000000000000000000000000001000000000000000000000000000000008000000040010000000000004000000000000000
	0000400080000000000000000000400000010000400000000000000000000000000000000000000000000000000040000000400000000000800000000000000000000000000000000000000000000000000000000000000000000000000000000000000000000035000000E58F000000000000000001000000000000000100
	00000000000001000000000000000000004000000000000000000000000001000000000000000100000000000000000000000000000000000000010000000000010000000000010000000000000000000100008000000000000000000100000001800000000000000000000000000000010000000000000001000000000000
	000000000000000000000000000000000000000000000000000000000000000000004000000000008000000000000000000000000000400000000000400000000035000000907E0000000000800000000000000000000000000000000000000004000000000000000400000000000000040000000000000000000000000000
	00040000000000800000000000400000000000000000000000000000000000000000000400000000000000000000000000000000000000000000000400000080000000040000000000000000000000000000000000000000000000800000000000000000000000000000000000000000000000000040000000000000000000
	40000000000000000000000000000000000000000000400040000035000000955800000000000000000000000000000000000000000000000000000000004000000000000000000000000000000040000000000000010000000000000000000000000000000000000000400000000000400080000000000140008000000000
	004000800000000000000080000000400040000000000000010000000000004000800000000000000100000000000000000000000000000000000080008000000000008000000000000000800000000000000080008000400000000000000040000000800000000000000080000000800000000035000000BFF00000000000
	00000000000000000001000000000000000100000000000000000000000000000001000000010000000000000000000000000000000000000000000100000000000000010000000000000000000000000000000000010000400080010000000000000000000100000000000000000000000000000001000000000000000000
	0000000000000080000000000000000000000000000000000000000000000000000000000040000000000000000000000000000000000000000000000000000000000000000000000000000000000080000036050000EC72000000000000010000000000000000000000000000000000000000000000008000000000000000
	00000400000004000000040000000400000004000001040000000000000000008000040080000401000000000001000000000000800000000000000040010000000000000400000004000000000000000000000000000000000000000400000004000000040000000400800000000000000040004000000000000000000000
	00800000000000000000000000000000000000000000000000000000000000000000000000000080000000000000000036050000E38A00000080000000010000000000000000000000000000000000000080000000000000000000000000000000000000000000000000000000000200000000000000000000000000000000
	00002000000000000000000000000000000000008000000100000000000000000000000000000000000000000000000000000000000000000000000000000000000000000000000000000000000010008001000000000000000000000000000000000000000000000000000000000000400040000000000000000000008000
	0000000000003406000027AB00000000000000000000000002000000000000000000000000000000000000000000000000000000000000000000020000000004000000000100000000800000000000800000004000000080000000000000000000000000000000000010000400000000008000000000000000800000000000
	0000000100000000000000000000000000008000000000000000000100000000000040000000000000000000000000000000000000000000000000010000C00000000000100000010000000000000000000000008000000000000034060000F1E4000000000100000000000000000000800000000000000000000000000000
	00000000000000000040000000000100000000000000000000000000000000000000000000000000000000000000000000000000010000000000000000000000000000000040000000000000008000000000000001800000000000400000000000000100000000000000000000040000000000000000000000000000000000
	0000000000000000000040000000000000000000000000000000000000000000000010000000000000000000000000000034060000AA21000000000000000000000000008000000000000000000000000000000040000000040000010000000200000000000100008000000080000000200000008000000000000000000110
	00000000000000000080004001000000000000800080000000000080008001400000000000000000000000040100000000000080000000000000001001400000008000000000000001000000000000000040000000000000004000800100004000000000005000000100000000800000000000400000008000000000000032
	01000041AC00000000000000000080000000000000000000000000000000000000000000000000008000000000000000000000010000000000008000000080000000000000000000800000000001800000008000000100000000C000000000008000000000000000000000000000000080000000C000000040000000000000
	00000000000001000000000000000000000000000000000000400080000000000000000000000000000000000000000000000000000000000000000000000000000000000000000000000000000000000040000000000080000000000080000000000000380F00008CF9000000000001000100800000000000000000000000
	00000000000000000000000000000000000004000000000000000000000000000000000000000000000000000000000000000001000000008000000004000000400000000000000000000000000000000000000000000000000000000000000000000000000000000001000000000000000000000000000000000000000000
	00C0000000000000000000000000000000000000000000000000000000000000000000000000000000000000000000000000000000000000000000000000000080008080000000000000380F0000894F0000000000000000000000000000000000000000000000000000000000000000000000000080000000000000000001
	00000000000080008000000000000000000000000000800080000000000000010000000000008000000000000000800000008000000000000000000000008000C00000004000000000000000000000000000000000000000000000000000000000000000000000000000000000000000000000008000000000000000000000
	000000000000000000000000004000000040000000000000000000000040000000000080000000000000000000000000380F0000A21400000000000000400000010000000000000000000010000000000100000000000080000001000000000000000080000000800000000000000084000000000000000400000000000000
	40018000000000004000000080000000000000000000000140000000000000000000000000000000000100000000000000000000000000000000000000000000000040000000000000000000800000000000000040000000000000000000000000000000000000000000000080004000000040000000000080000000000000
	0000000000000000000035100000AD80000000000000000000000000000000800000000005400000000000000000000000000001004000000080010000000000000000000100002000000100004000000080008000000000000000000040000000000000000000000000000000200000000000000000000000800000010008
	0000000000000000000040010000000040000000400000000000000000000000000040000000000000004000000080000000000000004000000000004000000000000000000000000000000000000000000000000000C000000040000000000000000035100000D03900000000000000000040000000000080000000000040
	00000000000000000000000001410000000000800100008000000000000001000000000401400000008000040080000000000040008000000000004000000080000000000000002001000000000000000080000000000000000000000100000000000040000001000000000000400000000000000000004000000040000000
	8000000040008000400000000000000040000000000000000000000000008000000000004000000000000000800080004000400000000000000000000035100000EA97000000000000000000000000000000000000000000000000000000000000000000000000004000000000000008000000000000000000000000000000
	00000000000000000000000000000000000000000000000000000000000000000000000000000000000000000000000000001C070000DA89000000800000000000000000000000800000000000000080008000000000000000C000000000000000800000000000000000000000000080000000000040004000000000000000
	4000000000008000400000008000C00040000000000000004000000000004000400000000000001C07000053BC0000D2B44BAC2D4AF47292944BAC7D6AA452929C5FA4696AA45A97945AA66968A55A96965AE5E929255A96D6FAA54939254ABED6D2B549292F4EB4D2D2B54B2D2DCAB453D2B44BAD2D4B747212944BAD7D6B
	2452129C5FA5696B245A17945AA76969255A16965AE500291B080000C7AD00000080010001000000000000000020000000000100010000000000000840000000000001000100000010000002000000000000000004000000000000000000000001000000000000000000000000400100000000000000000000100000800000
	0001000000000000002004000000000180010000000800000000010000002001000300000000000000000000000080000000000000000000000020000000000000000000000000000840000000000000000000000010000002000000000000000004000000000000200000000001000000000000000000000000000000380A
	0000E6990000000000000081000000004040002000400000104000480000004004000002000000000140000000008100004001000000200000100000000008A000040080000002800041000000000080000000004000002000000000108000080080000004000082000080800100008000001C0900008A7A00000180002000
	8801C201000000004001000000000000000100000000004040100004000100004000100084000100000080000000000080018000800000012081002000080002000080002000080002000000000000000000000000000000A000A00000400010000480010000001C020000210B000000000000004000400040000000000040
	008000800000000000000080000000000100010000000080000000000080008000000000008000400000000000000000000000000000000000000000008000000000000000000000000000800080008000000000004000601B030000DB06000000400000004000400000000000000080008000000000008000800000000000
	0000000000000000000000008000800080008000000080000000000000000000000000000000000000000000800000002000A00080000000800000000000000000000000001A040000878D00000000000000400000000000000000000000800000004000C000800000010001000000008000800000000000800080008000C0
	00400000000000000000000000000000000000000000000000800000000000000080008000800000000000000000000000001A040000179B0000000000010001008000800000004000400040004000000040000000400040000000000000000000000000008000800000000000000000008000800000002000000080008000
	00000000000000000000000000008000000000000000000000000080008000008000001B0E0000D0820000000000000000008000800000004000400000004000000040000000C00080000000000000018001000000000000000000000000000000008000800000000000800040008000800000000000000000000000000000
	00800000000000000000000000800080008000001B0E0000A896000000000000000000000000008000400000000000000040004000000000008000C000000000008000800100000000000180010000000000000000800080000000800000000000400000000000000000000000000000000000000000000000000000008000
	0000000080008000801C0D0000A97900000004008400000080108010000000008001E00020044004C080808040000800C80180014021C0208001820102010000400800090000000080001000100200024040C041800004004400400000108010000041008100A00060044004800080004000C800080100014020C020801C0D
	00004A1E000000800100018000000080018001800040004001800180004000400080008000C000400080008001C00100008000C0018001800080008001000100008000C00120010000C000C0000000A000C000000080008000400040008000800040004000800080004000400080008000601C0D0000390300000000010000
	00000000000000014000800040018000400180004000800140000001C0008000400180004000800040008000400080000000400000008000400000004000800000000000000000008000000080010000800100000000800100008000000080000001800020012001800040008001800100004000C000800040000000E00100
	018000400040000000000000000000000040008000400080004000800000008000400080000000C0004000000080008000400000008000800040000000A000800040000000C000800040000000C00000360C0000C19B000000800000010000000000008000400000000001C000400000008000C000400100018000C0004001
	00008001C000400000008000C000000040000000C000400000008000C00000000000000100000000000140000000800100010000000080010001000080000001200000002001000040000001C00040000000800080014000000080006001800040008000400000008000000080004000000000008000400000000000C00040
	0000000000C000400000008000C000400000008000C000400000008000C000400000008000800040000000800000360C000015FE000001000000010000400000000000000040000000000000004000000000000000400000000000000040000000000000004000000000004000400000000000000000000000000000000000
	00000000000000000001000000000000000000000000000000002001000000004000000000000001000000000000000040000001000020004000000040000000000000000000000000000000000000000000000000000000000000000000000000000000000000000000000000000000000000000000000000000000000000
	00000000000000000000000000000000370B00005808000000000000000000000000000000000100010000810100000000800100000000000100000000000000000000000000000000000000000000000000000000000000000001000000000000000080000000000000000000000000000000000080000000000000000000
	0000000080000000800000000000000080000000000020000000000000000000000000000000000080000000000000008000000000000000800000000000000040008000000000000000800000000000000080000000000040008000000000000000800000000000000000008000000000370B0000AB6A0000008000000001
	000000C001000040000001400000004000000040000000400000004000000140000000C000000040000000000000000000000040000000400000000000000000018000000000000000000080000000000000010000000000010000800000000000800020000000800000000000000080000000000040000000400000000000
	0000000000000000000000000000800040000000000080000000400000008000000080000000000000008000000000000000800000000000000080000000000040008000000000000080000000000000000000370B0000A9B80000000000000000000000000100000000800000000000000080000000000000008000000000
	00800080000000000000008000000000000000800000000000000080000000000000000000000000000000800000000000000000010000200080000000000000000000000000004001000000010000000080000000000000008000000100000001000000010000000040000000800000004000000000000000400000000000
	0000400000000000400040008000000020004000A00000000000400080000000000040008000000000000000803500000021B600000000000000000000000000000000000000000000000000000000000000000000010000000100000000000000004000000000000000000000000000000080000000000000000000000000
	00000000000000000000010000000080000000000000000000000000004000000000000000400000004000000000000001000000004000000000008000000000000000000000000000000000000000000080000000000000000000000000000000000000000000400000000000000000000000000000000000000000000000
	4000000000000035000000EC88000001000000000000000000000000000000000000000000000000000000000000000000000000000000000001000000000000000000000000000000000000000000000000000000000000000000010000000000000000000000000000000000000000800000000000000100000000000000
	00600000012000000100000000000080000000000080000000000000000000000000004000000000000000000000000000000000000000000000000000000000000000000000000000000000000000000000000000000000000000000000000035000000EFF700000080000000000100000000000100000000000000000000
	00000000000000010000000000010000000000000000800000000000000000000000000000000000000000000000000000000000000000000000000000000000000000000000000000000000000000000000000000000000000000000000000000000000000000010000000000000000800000000000800000000000000000
	0000000000000000000000000080000000000000000000000000000000000000000000000000000000000000000000000000000000000000000035000000BB00000000000081000100000100000001800000008000000080000000800000008000000080008000000100000000000080000000000000008000000080008000
	00000000000000000000000100008000000100000000800000000000000100000000000000002000000000000000000000000000000000000000000000008000000000000000000000000000000000004000000000000000000040000000400000004000000040000000400000004000400000004000000000004000000040
	00400000000000000000004000000040800080000000000036050000AD4A000000000000000000400000000000000040000000000000004000000000000000400000000000000040000000000000000000400000000000400000000000000000000000000080000000C0000001000000000000000000010000000000000000
	8000000000000000800100004001400000008001000000000000C000000000000001000040000000000000000000000000008000000000000000800000000000000080000000000000000000800000000000000080000000000000008000000000000000C000000000000000800000008000000000360500001F6500000000
	00000000000000000000000000000000000000000000000000000040000000000000000000000200000000000000000000000000000000000020000000000000000000000000000010000000000000000000000000000000000000000000000000000000004000000000000000000000000000000000000000000000000000
	00000000000100000000000000000000000000000000000200000000000000000000000000000000000000008000000000000000000080000000000000000000000000004000000000000034060000685C00000000020000000000000000400000000000000040000000000200010000000000000000000000000000000200
	00000000000000000000000002000000010000000000000000000140000000000000000000000000000000000040000000000040008000000000010000000000000000000040000000000000000000000000000000000000000000000000000000000000000000000000000001000000000000000000080000000100000000
	000000000000000000002000000100000000000000000000000000000000000000340600001180000000000000000000000000008000000100000000000000000000000080000000000000000000000000000000000000010000800000000000000000000000000080000000C0000000000000000000000000000000800100
	00000100000000000000000000000000002000000000000000000000000000000000000000000020000000000000000000000000000000000000000000000000000000000000000000000000000000000080000000000000000000000000000000000000000000000000000000000000000000000000340600003CB1000000
	80000000000140000000000000008000400300000000000000000000000000000000800100020000000000002000000000028000000180014000000000000000000000000000800140000011000000000000800000004000200100000000000040000000000000000000200000000000000000000000000000010000000000
	000000000000000000000000020001000000000000000080000001800000000008200000000000800000000001000000000000000000000000000000000001200000000032010000F5280000000000000000018000000000010000000080000002000000000000000000000001000000020001000000010000400300000000
	00000000000000000000000080000000000040008000800000000001000000004001000000000000000100000000000000000001000000000000000000010000000000010000200000010000000020000000200100002000000100000000000080000000000000000001000000008000000000000000200000002000000000
	000001200000000000000100002000000000000000000020008000000000000000800080000000000000380F00004F3800000000000000000080000000000000000000000080000000000000000000000000000000000000000000000000004000000040000000000200000000000000008000000000000000400000000000
	00000000000000000000000000000000000000000000000000000000000000000001000000000000000000000000000000000000000000000000000000000000000000000000800000000000000000000000000000000000000000000000000000000000000000000000000000000000000000000000000000000000800000
	00000000008000000000000000000000380F00001BAE000000000000000001000000000000000100000000000080020000000000010000000100000000000300000001000000038000000100000001000000000000000000000000400000008000800000010000000000000001000000000000000100002000000000010000
	000000000000000000000001000100000000200000010000000020010001000020002000000100000000000000000000000000000001000000000000800000000000000020002000000000000001200000000000000120000000000000000000000020000000000000000000000000008000000000380F0000121600000000
	00000000000000000000000000000000000000000000000000000000000000000000000000000000000000000000000000000000000000000000000000000000000000000000000001000010000000000000000000000000000000000000000000000000000000000000000000800000000000000000000000000000000000
	0000000000000000000000000000000000000000000000000000000000000000000000000000000000000000000000000000000000000000000000000000000000000000000100000000000000000035100000EFAB000000000000000000000000004000000000000000400000000000000040000000000000000000000000
	00000000000000000000400000000000000000000000000000000000000000004000000000000000000000000000040000000020000000000000000000000000000000000000000000000000000000000040000000000000000000000000000000000000000000000000000000000000000000000000000000000020000000
	00000000000000000000000000000000000000000000000000000000000000000000000000000000003510000030140000000000000000000000400000000000000040000000000000000000400000000000000000000000000000000000000000400000000000000000000000000000000000000000000000000001000000
	00100000000004000000002000000000000000000000000000000000000000000080000000000000000000000040000000000000000000000000000000000000000000000000000000000000000000000000002000000000000000000000000000000000000000000000000000000000000000000000000000000000000000
	00000035100000CA1E00000000000000000000000000000000000000000000000000000000000000000000000000000000000000000000000000000000000000000000000000000000000000000000000000000000000000000000000000000000000000000000000000000000000000000000000000001C07000056780000
	0340034003400340034003400340034003400340034003400340034003400140004000400140014001000100014001600160016001600160016001600160016001600160016001600160016001200100010001200120012001200120012001200120012000200020012000001C070000607C0000D2B44BAD2D4BF47292944B
	AC7D6AA452929C5FA4696AA45A97945AA66968A55A96965AE5E929255A96D6FAA54939254ABED6D2B549292F4EB4D2D2B54B2D2DCAB453D2B44BAD2D4B747212944BAD7D6B2452129C5FA5696B245A17945AA76969A55A96965AE500291B08000073D400000080000000000000000000000020000000000000000000000000
	00084000000000000000000000001000000200000000000000000400000000000000000000000000000000000000000000000000000000000000000000000010000080000000000000000000000020040000000000000000000008000000000100000000000002000000000000000000000000800000000000000000000000
	00000000000000000000000000000840000000000000000000000010000002000000000000000004000000000000000000000000000000000000000000000000000000380A000031B4000000000000008000000000400000200000000010000008000000000400000200000000010000000000800000400000000020000010
	00000000080000040000000002000001000000000080000000004000002000000000100000080000000004000002000000000100000000001C09000045BF000000C000200108034202400000010003400240000001000340024001004140134004400100004000100004012101600040000001200160004000000120016080
	4020200920036000800020010801020000002001200100000000200120010000000120412011000400012000001C0200003F7400000340034003400340034003400340034003400240034001000240004001000100016001600160016001600160016001600160016001600160016001400120016001000100012001200120
	0120012001200120012001200020012001200020002001A001A001A000A01B03000059A000000040004000000300000000400000030000000040010003000040004001000100004000600020010000000040002001000000004000200100000000600120010000000020002001000000000000200100000000000120010000
	00000001200180008000001A040000BB36000000000000030000000040000003000000004000000200000000000000000000200020000001000000004000200100000000400020010000000040000000000000000000000100000000000020010000000000002000000000000000A000800000000000001A04000080770000
	01400300024002400140030003400240010003000340024001400000004000400140010000400000010001000140004001000120016000400140012001600060014001200060006001400120010000000100012001200000010000200020002001000120002000001B0E0000279B0000020000400100010002000040000001
	00024000400000010002000140010001000000004001000140004000400000010000400040000001200020004000000100002000400100010000200040002001200020000000000120002001000100010000200000010000001B0E0000FAAC0000030003400101010000000240000001000040024000000100000003400100
	0100000000400000004001400140000000000000010000600060002001200000004000000120000000400100012000000060002001200000000000000100002001200100010000008020000000001C0D000066FC00000044000402C002C0134011000340024003200120074006408340800000480048014001002140210000
	0200020140014009400840010001000150005003600320416040400164012400E000C011601100010100010120012005200420010000000028002801200100212021201C0D0000B51A000000000100000000000000000000000000000000000000000000000000000000000000000000000000000000000000000000000000
	00000020000000000000000000000000000000000000000000000000000000000000000000000000000000000000000000000000000000001C0D0000F0860000010000000000020001000000004002000100000000400000000000000040000003000000000000000000000000400200000000000000000001000000000000
	00000000000040000001000000000000000100000000400020010000000040002000000000004000200000010000000000000000000000006001000000000000000000000000400000010000000000002001000000000000000100000000000020000000000000002001000000000000200000000000000000000000000000
	00000120000000000000000000000100002001000000360C00000C29000000000000004000000000000000000000000000000000020001000000000000000000000000400200010000000000000001000000004002000000000000400000000000000000000000000000000000000040000000000000000000000000000001
	00000000000000000000000040002001000000000000000000000000400020010000000000002000000000004000000000000000000000000000000000000001000000000000000000000000000000010000000000002001000000000000000000000000000020000000000000000000000000360C00001FE1000000000001
	00010000000000000000000000000000000000000000000000000000010000000000000000000100000000400000000000000000004000000000000000000000000000000000004000000000000000000000000000000000000000000000000000000000000000000000000000000000000000000000002000000000000000
	00002000000000000000000000000000000000000000000000000000000000000000000000000001000000000000000000010000000000000000000000000000000000000000000000000080008000000000000000370B00002C99000000000000000000000000000000000000000001000000000000000000000000000040
	00000000000000000000000000000000000000000000000000000000000000000000000000000000000000000000000000000000000000000000000000000000000000000000000000000020000000000000000000000000000000000000000000000000000000000000000000000000000000000000002000000100000000
	00000000000000000000000000000000000000000000000000000000000000000000000000000000000000000000000000000000000000370B0000DB74000000000000000000000200000000000000000000000000000002000000000000000000000000000000000002000000000000000000000000000000000000000000
	00000000000000000000000000000000000001000000000000000000000000000040010000000000000000000000000000400000010000000000000000000000000000400000000000000000000000000000000000000000000000000000000000000000000000000000000000200000000000000000000000000000002000
	00000000000000000000000000000000200000000000000000370B0000F4F8000000000000020000000000000000000200000000000000000000000000000000000000000000000000000000000000000000000000000000000000000000000000000000000000000000000100004000000000000001000040000000000000
	00000000000000000000000000000000000000000000000000000000000000000000000000000000000000000000000000000000002000000000000000000020000000000000000000000000000000000000000000000000000000000000000000000000000000000000000000000000000035000000741800000100024000
	00000000000100004000000000000000000000000000000000000000000000000000000000000000000000000000000000000000000000000000000000000000000000012000000000000000000020000000000000000000000000000000000000000000000000000000000000000000000000000000000000000000000000
	0000000000000100000000000000000001000000000000000000000000000000000000000000000000000000000000000000000000000000000000000000000000000000000000000000000035000000303C000000000000000000000000000000000000000000000000000000000000000000000100004000000000000000
	00000000000000000000000000000001000040000000000000000000000000000000000000000000000000000000000000000000000000000000000000002000000000000000000000000000000000000000000000000000200000000000000000000000000000000000000000000000000000000000000000000000000000
	010000000000000000000000000000000000000000000000000001000000000000000000000035000000B12C0000000000000000000000000000000000000000010000400000000000000000000000000000000000000000000000000000000000000000000000000000000000000000000000000000000000400000000000
	00000000000000000000200000000000000000000000000000000000000000000000000000000000000000000000000000000000000000000000000000000000000000000000000000000001000000000000000000000000000000000000000000000000000000000000000000000000000000000000000000000000000000
	3500000080C400000000000000000000000000000000000000000000000000000000000000000000000002000000000000000000000000000000000002000000000000000000000000000000000000000000000000000000000000000000000000000000000000000000000000000000000001000000000000000000004000
	00000000000100000000000000000000400000000000000000000000000000000000000000000000000000000000000000000000000000000000000000000000000000000000000020000000000000000000000000000000000020000036050000F23D00000000000000000000000000000000000000000000020000000000
	00000000000000000000000000000000000000000000000000000000000000000000000000000000000000000000000000000000000000000000000000000000000001000000000000000000004000000000000000000000000000000000000000000000000000000000000000000000000000000000000000000000000000
	000000000000000000000000000000000000000000000000200000000000000000000000000000000000000000000000000000000000000000000036050000F0690000000000000001000000000000000000000000000000000000000000000000000000000000000000000000000000000000000000000000000000000000
	00000000000000000000000000000000000000000000000000000000000000000000000000000000000000000000000000000000000000000000000000000000000000000000000000000000000000000000000000000000000000000000000000000000000000000000000000000000000000000000000000000000000000
	00002000000000000080000000000000003406000030970000000000000000000000000000000000000000004000000000000000000000000000000000000000000000000000000000000000000000000000000000000000000000004000000000000000000000000000000000000000000000000000000000000000000000
	00000000000000000000000000000000000000000000000000000040000000000000000000000000000000000000000000000000000000200000000000000000000000000000000000000000000000000000000000000000000000000000000000000000000034060000701600000000000000000000000000000000000000
	00000000000000000000000000000000000000000000000000000000000000000000000000000000000000000000000000000000000000000000000000000000000000000000000000000000000000000000000000000000000000000000000000000000000000000000000000000000000000000000000020000000000000
	00000000000000000000000000000000000000000000000000000000000000200000000000000000000000000000000000000000000000200000000034060000B0B600000000000000000040000000000000000000000000000000000000000000000000000000000000000000000000000000000000000000400000000000
	00000000000000000000000000000000000000000000000000000000000000000000000000000000000000000000000000000000000040000000000020000000000000000000000000000000000020000000000000000000000000000000000000002000000000000000000000002000000000000000000020000000000000
	0000000000000000000032010000E60A000000000000000002000000000000400000000000000000000000400000000000000000000000000000000000000000000000000000000000000000000000000000000000000000010000000000000000000000004000000000000000000000000000000000000000000000000000
	000000000000000000000001000000000000000000000000000000000000000000000000000000000000000000000000000020000000000000000000000000000000000000000000000000000000000000000000000000000000000000000000000000000001000000000000000000380F00001D5F00000000000100010200
	00000000000000000000000000000000000000000000000000000000000000000000000000000000000000000000000001000000000000000000000000000000000000000000000000000000000000000000000000000020000000000000000000000000000000000000000000000000000000000000000000000000000000
	00000000000000000000000000000000000000000000000000000000000000000000000000000000000000000000000000000000000000000000000000000000000000000000000000000080008000000000000000380F0000B649000000000000000000000000000000400000000000000000000000000040000000000000
	00000000000000000000000000000000000000000000000000000000000000000000000000000000000000000000000000000000000000000000000000000000000000000000000000000000000000000000000000000100000000000000000000000000000000000000000000000000000000000000000000000000000000
	0000000000000000000000000000000000000000000000000000000000000000000000000000000000000000000000000000000000000000000000380F000058BE0000000000000000000000000000000000000000000000000000000000000000000000000000004000000000000000400000000000400000000000000040
	00400000000000000040000000000000000000000000000000200040000000000000000000000000002000000000000000200000000000000000004000000000000000400000004000000040000000000000000000000000000000000000000000000000000000000000000000000000000000000000000000000000000000
	00000000000000000000000000000000000000000035100000C19100000000000000000000000000000000004000000000000000400000000000000040000000000000000000000000000000000000000000000000000000000000000000000000000000000000000000000000000000000000000000000000000000400000
	00000000004000000000000000000000000000000000000000000000000000000000000000000000000000000000000000000000000000000000000000000000000000000000000000000000000000000000000000000000000000000000000000000000000000000000000000003510000056A90000000000000000000000
	00000000400000000000000000004000000000004000000000000000000040000000000040000000000040000000000000004000400000000000000040000000000000000000000000000000200040000000000040000000000000006000000000000000200000000000000040000000000000000000400000004000000040
	00000000000000000000000000000000000000000000000000000000000000000000000000000000000000000000000000000000000000000000000000000000000000000000000035100000CA1E00000000000000000000000000000000000000000000000000000000000000000000000000000000000000000000000000
	000000000000000000000000000000000000000000000000000000000000000000000000000000000000000000000000000000000000000000000000001C0700009E5D000000000000000000000040004000000000000000000000000000000000000000000000000000000040000000000000000000000000000000000000
	00000000000000000040000000000000000000000000000000000000000000000000000000000000000000000000000000001C07000053BC0000D2B44BAC2D4AF47292944BAC7D6AA452929C5FA4696AA45A97945AA66968A55A96965AE5E929255A96D6FAA54939254ABED6D2B549292F4EB4D2D2B54B2D2DCAB453D2B44B
	AD2D4B747212944BAD7D6B2452129C5FA5696B245A17945AA76969255A16965AE500291B08000021090000008000000000000000000000002000000040000000000000000000084000000000400000000000001000000200000000004000000400000000000000000000400100000000000000000000000000000000000000
	000000000010004080000000000000000000000020040040004000000000000008000000000100400000000002000000000000000000004000C0000000000000000000000020000000000000000000000000000840000000000000000000000010000002000000000000000004000000000000000000000001000000000000
	000000000000000000380A00001FFB00000000000000810000000040000020000000001040000800000040040000020000000001000000000080000040000000002000005000000000080000040000000002000001000000000080000000004000002000200000100000080000000004000002000000000100000000001C09
	00003B7D00000080002000080002000000000000000000000000000000000040000040001000040001000040001000040001000000400000000000000000004000000040804020000800020000C00020000800220000000000000000000000000000000000000000400010000400010000001C020000D83B00000000000000
	0000000000000000400000000000000000000000000000000000000000000000000000000000000000000000000000000000000000000000000000000000000000000000000000000000000000000000000000000000000000000000000000000000001B030000B4D800000000000000400040000000000000000000000000
	00000000000000000000000000000000000000000000000000000000004000400000000000000000000000000000000000000000000000000000000000000000000000000000000000000000000000001A040000233F0000000000000040004000000000000000000000000000400000004000400000000000000000000000
	000000000000000000004000400000000000000000000000000000000000000000000000000000000000000000000000000000000000000020002000001A040000E979000000000001000100000000000000000000000000000000000000000000000000000000000000000000000000000000000000000000000000000000
	000000000000004000400000800000000000000000000000000000000000000000000000000080008000000000001B0E0000F1DC000000000000000000000000000000000040000000000040004000400040004000000000000000000000000000400000000000000000000000000000000000000000000000000000000000
	000000000000000000000000000000000000000000000000000000000000001B0E00008742000000000000000000000000000000000000000000000040004000000000000000000000000000000000000000000000000000000000000000000000000000000000000000000040004000000000000000000000000000000000
	00000000000000000000000000000000000000001C0D00002986000000040004008000801000100000400040006000600440044080408040000800080100010020002000000200020040004008400800000000000050001002000240400040000004000400C000801000100000010001002000200400040000000000000800
	0801000100200020001C0D0000396300000000000000000000000000000040004000400000000000400040000000000040004000000000004000400040000000000000004000400000000000400040000000000040004000400000004000400000000000000000000000000020000000000000000000000000000000001C0D
	000075CA000000000000000000000000000000000000004000000040000000000040004000000000004000400000000000400040000000000000000000000040000000000040000000000000004000000040000000000000000000000000000000000000000000400000000000000000000000000000000000000000004000
	00000000000040004000000000000000400000000000000040000000000000000000000000000000200020000000000000000000000000000000000000000000000000000000000000000000008000000000000000000000000000360C00002DE2000000000000000000000000000000400000000000000000000000000040
	00000000000000000000000000000000004000000000004000000040000000000040000000000040004000000000000000000000004000000000000000000000000000000000000000400000000000000000000000400000000000000000000000000000000000000040000000000000004000000040000000000000000000
	000000000000000000000000000000000000000000000000000000000000000000000000000000000000000000000000000000000000000000360C0000F67800000000000000000000000000000000000000000000000000000000000000000000000000400000000000400000000000000000000000000000000000000000
	00000000000000000000000000400000000000000040000000000000004000000000004000000000000000000000000000000000000000000000000000000000000000000000000000000000000000000000000000000000000000000000000000000000000000000000000000000000000000000000000000000000000000
	000000000000000000000000000000000000000000000000000000370B0000B08900000000000000000000000000400000000000000000000000000000000000000000000000000000000000000000000000000000000000000000000000000000000000000040000000000000000000000000000000000000000000000000
	00000000000000000000004000000000004000000000000000400000000000000040000000400000000000400040000000000040000000000000000000000000002000000000002000000000000000000000000000000000000000000000000000000000000000000000000000000000000000000000000000000000370B00
	00882F00000000000000010000000000000000000000000040000000400000000000000040000000000000004000000000000000000000000000000040000000000000000000000000000000000000000000000000000000000000000000000000000000000000000000000000000000000000000000000000000000000000
	00000000000000000040000000000000004000000000000000000000000000000000000000000000000000000000000000000000000000000000000000000000000000000000000000000000000000008000000000000000000000000000370B0000D16A000000000000004000000000004000000000000000000000000000
	00000000000000000000000000000000000040000000000000000000000000000000000040000000000000000000000000000000000000000000000000000000000040000000000000000000000000000000000000000000000000000000400000000000000000000000000000000000000000000000000000000000000000
	000000000000000000000000000000000000000000000000000000000000000000000000000000000000000000000000000000000000000035000000251D0000000000000000000000000000000000000000000000000040000000000000000000000000000000000000000000000040000000000000000000400000000000
	00000000000000000000000000000000000000004000000000000000000000004000000000000000000000000000000000000000000000000000000000000000000000000000000000000000000000000000000000000000000000000000000000000000000000000000000000000000000000000000000000000000000000
	00000000000000000000000000000000000035000000419A00000000000000000000000000000000000000000000000000000000000000000000000000000000004000000000000000000000000000000000000000000000000000000000000000000000000000000040000000400000004000000000000000000000000000
	000000000000400040000000000000000000000000000000000000000000000000000000000000000000000000000000000000000000000000000000000000000000000000000000000000000000000000000000000000000000000000000000000000000000000000000035000000449E0000000000000000000000000000
	00000000000000000000000000000000000000000000000000000000000000000000000000000000000000000000000000000000000000000000000000000000000000000000000000000000004000000000000000000000000000400000000000000000000000400000000000000000000000000000004000000000004000
	00000000000000000000200000002000000000000000000000000000000000000000000000000000000000000000000000000000000000000000000000000000000000000035000000039300000000004100010000000000000000000000000000000000000040000000000000000000000000000000000040000000000000
	00000000004000000040000000000000000000000000000000000000000000000000000000000000000000000000004000000000000000000000000000000000000000000000000000000000000000000000000000000000000000000000000000000000000000000000000000000000000000000000000000000000000000
	00000000000000000000000000000000000000000000000000000080008000000000003605000008BA0000000000000000000000000000000000400000000000000000000000000000000000000000000000000000000000000000004000400000000000000000000000000000000000000000004000000000000000000000
	00000000000000000000000000000000000000400000000000000040000000000000000000000000000000000000000000000000000000000000000000000000000000000000000000000000000000000000000000000000000000000000000000000000000000000000000000000000000000000000000000000000000000
	0036050000379E000000000000000000000000000000000000001000000000000000000000000000000000004000000000000000000000000000000000000000000000000000000000000000000000000000000000000000000000000000000000000000000000000000000000000000000000000000000000000000000000
	0000000000000000000000000000000000000000000000000000000000000000000000000000000000000000000000000000001000000000000000000000000000000000000000000000000000000000000000000000340600008E930000000000000000000000000000000000000000000000400000000000000000000000
	00000000000000000000000000000000000000000000000000000000000000000800080000000000000000000000000000000000000000000000000100000000000000000000000000000000000000000000000000000000000008000000000000000000000000000000000000000000000000000000000000000000000000
	000000000000000000000000000000000000000000002000000000200000000000000000000000000000000034060000D6050000000000000000000000000000000000000000000000000000000000000000000000000000000000000000000000000000000000000000000000000000000000800000000000000020000000
	00000000000000000000200000000000200080004000000000000000000000000000000040000000000000000000000040000000000000000000000000000000000040000000000000000000000000000000000000000000400000000000000000000000000000000000000000000000000000000000000000000000000000
	0000340600005599000000100000000000000000000000000000000000000000000000000000000000000000000000000000000000080000000800000000008000000000000000000000000000200000000000000000002000C000000000000000000000000000400000000000000000000800400000000000000000000000
	0000000000000000000040000000000000000000000000000000000000004000000000000000000000000000000000000000200000000000000000000000000000000000000000000000000000000032010000DA57000000000000000000000000004000400000004000000000000000000000000000000000000000000000
	00400000000000000000000000000000000000400000000000000000000000000000000000000000000000400000000000000040004000000000000000000000000000400000000000400000000000000000000000000000000000400000000000000040000000000000000000000000000000000000000000000000000000
	0000000000000000000000000080000000000000000000000000000000000000000000000000000000000000000000000000000000380F0000E8FD0000000000000000000000000000000000400040000000000000000000000000000000000000000000000000004000000000000000000000000000000000000000000000
	00000000000000000000000000000000000000000000000000400000000000000000000000000000000000000000000000400000000000000000000000000000004000000000004000000000000000000000000000000000000000000000000000000000000000008000000000000000000000000000000000000000000000
	000000000000000000000000000000000000000000000000000000380F0000C0F700000000000000000000000000400000000000000000000000000000000000000000000000000000000000000000000000000000000000000000004000000000000000000000000000000000000000000000000000000000000000000000
	00400000004000000000000000400000000000000000000000000000000000000000000000000000000000000000000000000000000000000000000000000000000000000000000000000000000000000000000000000000800000000000000000000000000000000000000000000000000000000000000000000000000000
	00380F0000F32C000000000000000100000000000000100000000000000000000000000000000000000000000000000000000000000000000000000000000000000000000000000000000000000000000000000040000000000000000000000000000000080000000000000000000000000000000000000000000000000000
	000000000000000000000000000000080000000000000000000000000000000000000000000000000000000000000000000000000000000000000000000000000000000000000000000000000000000080000000000000000000351000006EF800000000000000100000000000000000000000000000000000100000000000
	00000000000000000000000000004000000000000000000000000000000000000000000000000000000000000000000000000000000000000000000000000000000000000000000000000000000000010000000000000000000000000000000000000000000000000000000000000000000000000000000000000000000000
	0040000000000000000000010000000800000000000000000000000000000000000000000000000000000000000000000000000035100000716B000000000000001000000000000000000010000000000010000000000000000000000000000000000000000000000000000000000000000000000000000000000000000000
	00000000000000000000000000000000000000000000000000000800000000000000000000000000000000000000000000000000000000000000000000000000000000000000000000000000000000000000000000000000000000004000000000000000000000000800000000000000000000000000000000000000000000
	00000000000000000000000000003510000035200000000000000000000000000000000000000000000000000000000000000000000000000000000000000000000000000000000000000000000000000000000000000000000000000000004000000000000000000000000000000000000000000000000000000000000000
	0000001C070000CA1E00000000000000000000000000000000000000000000000000000000000000000000000000000000000000000000000000000000000000000000000000000000000000000000000000000000000000000000000000000000000000000000000000000000000000000000000000001C070000607C0000
	D2B44BAD2D4BF47292944BAC7D6AA452929C5FA4696AA45A97945AA66968A55A96965AE5E929255A96D6FAA54939254ABED6D2B549292F4EB4D2D2B54B2D2DCAB453D2B44BAD2D4B747212944BAD7D6B2452129C5FA5696B245A17945AA76969A55A96965AE500291B080000398A0000008000000000000000000000002000
	00000000000000000000000008400000000000000000000000100000020000000000000000040000000000000000000000010000000000000000000000004000000000000000000000001000008000000000000000000000002004000000000000000000000800000000010000000000000200000000000000000000000080
	000000000000000000000020000000000000000000000000000840000000000000000000000010000002000000000000000004000000000000000000000001000000000000000000000000000000380A0000A7F300000000000000900000000040000020001000001000000800000000040000020000000001000000000880
	000040000000002000001000000000080800040000000002000001000000000088000000004008002000000000100000080000000004080002000000080100000000001C090000DE02000000800020000800020000000000000000000000000000000000000000400010000400010000400010000400010000000000000000
	00000000000000000000800020000808020000800020000800020000000000000000000000000000000000000000400010000400010000001C02000089090000000000000000000000000000000000000000000000000000000000000000000000000000000000000000000000000000000000000000000000000000000800
	08000000000000000000000000000800080000000800000000000000000000000000000000000000001B0300007B000000000000000000000000000000000000000000000000000000000000000000000000000008000000000000000000000000000000080000000000000008000000000000000000000000000000000008
	000000000000000000080000000000000000000800001A040000B6C9000000000000000000000000000000000000000000000000000000000000000000000000000000000000000000000000000000000000000000000000000800080000000000000000000000000008000000000000000000000008000800000000000000
	0000001A0400009306000000000000000000000000000000000000000000000000001000000000000000000000000000000000000000000000000000000000000000000000000000000008000000000000000080000000000000080008000000000000000800000000000000000000000800001B0E00007071000000000000
	000000000000000000000010000000000000000000000000000000000000000000000000000000000000000000000000000000000000000000000008000000000000000000000000000000000008000000000008000800000000000000000008000000001B0E0000F976000000000000000100000000000000000010000000
	00000000000000000000000000000000000000000000000000000000000000000000000000000000000000000000000008000000000000000000000000000800000000000000080008000000000000000000000000000800001C0D00006EC50000001400040080008010001000000000100020002004100410800080000008
	0008010001002000200000020002004000400800080000000000001000100200020040004000000400040080008010001000000100090020002004080400000000000008000801000100200820001C0D0000376D00000000001000000000000000000010000000000000001000000000000000000000000000000000000000
	000000000000000000000800000000000000000000000000000008000000000000000000000000000000080000000000000008000000000000000000000000000800001C0D00003819000000000000001000000000000000000000000000000010000000000000000000000000000000000000000000000000000000000000
	00000000000000000000000000000000000000000000000000000000000000000000000000000000000000000000000000000008000000000000000000000000000000000000000000000000000000000000000800000000000000000000000000000008000000000000000000000000000000000000000080000000000000
	000000000800000000000000080000000000000000000000000000000000000000360C0000068B00000000000000000000000000000000000000000000000000000000000000000000000000000000000000000000000000000000000000000000000000000000000000000000000000000000000000000000000000000000
	00000000000000000000000000000000000000000000000000000000000000000000000000000000000000000000000000000000000000000000000000000000000000000000000000000000000000000000000000000000000000000000000000000000000000000000000000000000000000000000000000000000000036
	0C00003E540000000000010001000000000000000000000000000000000000000000000000000000000000000000000000000000000000000000000000000000000000000000000000000000000000000000000000000000000000000000000000000000000000000000000000000000000000000000000000000000000000
	000000000000000000000000000000000000000000000000000000000000000000000000000000000000000000000000000000000000000000000000000000000000000000000000000000000000000000000000000080008000000000000000370B0000B6C600000000000000000000000000000000000000000000000000
	00000000000000000000000000000000000000000000000000000000000000000000000000000000000000000000000000000000000000000000000000000000000000000000000000000000000000000000000000000000000000000000000000000000000000000000000000000000000000000000000000000000000000
	000000000000000000000000000000000000000000008000000000000000000000000000000000000000000000000000000000000000000000000000000000000000370B0000C31400000000000000000000000000000000000000000000000000000000000000000000000000000000000000000000000000000000000000
	00000000000000000000000000000000000000000000000000000000000000000000000000000000000000000000000000000000000000000000000000000000000000000000000000000000000000000000000000000000000000000000000000000000000000000000000000000000000000000000000000000000000000
	000000000000000000000000000000000000000000000000000000000000000000000000370B0000453400000000000000000000000000000000000000000000000000000000000000000000000000000000000000000000000000000000000000000000000000000000000000000000000000000000000000000000000000
	00000000000000000000000000000000000000000000000000000000000000000000000000000000000000000000000000000000000000000000000000000000000000000000000000000000000000000000000000000000000000000000000000000000000000000000000000000000000000000000000000000000003500
	0000FF3F000000100000000000000000000000000000000000000000000000000000000000000000000000000000000000000000000000000000000000000000000000000000000000000000000000000008000000080000000000000000000000000000000000000000000000000000000800000008000000000000000000
	00000800000008000000000000000000000000000000000000000000000000000000000008000000080000000800000008000000000000000000000000000000000000000800000008000000000000000000000008000035000000453400000000000000000000000000000000000000000000000000000000000000000000
	00000000000000000000000000000000000000000000000000000000000000000000000000000000000000000000000000000000000000000000000000000000000000000000000000000000000000000000000000000000000000000000000000000000000000000000000000000000000000000000000000000000000000
	00000000000000000000000000000000000000000000000000000000000000000000000000000000000000000000000000350000004A56000000100000000000000000000000000000000000000000000000000000000000000000000000000000000000000000000000000000000000000000000000000000000000000000
	00000000000000000008000000000000000000000000000000000000000000000000000000000000000800000000000000000000000000000008000000000000000000000000000000000000000000000000000000000000000000080000000000000008000000000000000000000000000000000000000000000008000000
	0000000000000000000000350000009F470000000000000000000000000000000000000000000000000000000000000000000000000000000000000000000000000000000000000000000000000000000000000000000000000000000000000000000000000000000000000000000000000000000000000000000000000000
	0000000000000000000000000000000000000000000000000000000000000000000000000000000000000000000000000000000000000000000000000000000000000000000000000000000000000000000000000000000000000000000000000000000000000000360500009DFF0000000000000010000000000000000000
	00000000000000000000000000000000000000000000000000000000000000000000000000000000000000000000000000000000000000000000000000000000000000000000000008000000000000000000000000000000000000000000000000000000000000000800000000000000000000000000000008000000000000
	000000000000000000000000000000000000000000000000000000080000000000000008000000000000000000000000000000000000000000000008000000000000000000003605000037D6000000000000000100000000000000000000000000000000000000000000000000000000000000000000000000000000000000
	00020000000000000000000000000000000000000000000000000000000000000000000000000000000000000000000000000000000800000000000000000000000000000000000000000000000000000000000000000000000000000000000000000000000000000000000000000000000000000000080000000000000000
	08000000000000000000000000000000000000000000000000000000340600000FF8000000000000000000000000000040000000000000000000000000000000000000000000000000000000000000000000000000000000000040000000000000000000000000000000000000000000000000000000000000000000000000
	000000000000000000000000000000000000800000000000000000000000000000000000000000000000000000000000000000000000000000000000000000000000000000000000000000000000000000000000000000000000000000000000000000000000000000200000000000000034060000DA730000000000000000
	00000000000000000000000000000000000000000000000000000000000000000000000000000000000000000000000000000000000000800000000000000000000000000000000000000000000000000000000000000000000000000000000000000000000000000000000000000000000000000000000000000000000000
	00000000000000000000000000000000000000000000000000000000000000000000000000000000000000000000000100000000000000000000400000000000000000000000003406000067FC0000000000000000000040000000000000000000000000000000000000004000000000000000000000000000000000000000
	00000000000000000000000000000000000040000000000000000000000000000000000000000000000000000000000000000000000000000800000000000000000000000000000000000000000000000000000000000000000000000000000800000000000000000000000000000000000000000000000000000000084000
	0000000000000000000000000000000000000000003201000016CF00000000000000000000000000000000000000000000000000000000000000000000000000000000000000000000000000000000000000000000000000000000000000000000000000000000000000000000000000000000000000000000000000000000
	0000000000000000000000000000000000000000000000000000000000000000000000000000000000000000000000000000000000000000000000000000000000000000000000000000000000000000000000000000000000000000800080000000000000000000000000000000000000000000000000000000380F00005A
	1B000000000001000100000000000000000000000000000000000000000000000000000000000000000000000000000000000000000000000000000000000000000000000000000000000000000000000000000000000000000000000000000000000000000000000000000000000000000000000000000000000000000000
	000000000000000000000000000000000000000000000000000000000000000000000000000000000000000000000000000000000000000000000000000000000000800000000000000000000000000000000000000080008000000000000000380F0000DD6000000000000000000000000000000000000000000000000000
	00000000000000000000000000000000000000000000000000000000000000000000000000000000000000000000000000000000000000000000000000000000000000000000000000000000000000000000000000000000000000000000000000000000000000000000000000000000000000000000000000000000000000
	00000000000000000000000000000000000000000000000000000000000000000000000000000000000080000000000000000000000000000000000000000000000000000000380F00001F17000000000000000000000000000000000000000000000000000000000000000000000000000000000000000000000000000000
	00000000000000000000000000000000000000000000000000000000000000000000000000000000000000000000000000000000000000000000000000000000000000000000000000000000000000000000000000000000000000000000000000000000000000000000000000000000000000000000000000000000000000
	0000000000000000000000000000000000000000000000000000000000000000000000000000000037350000EADA0000801000040008000024210200400000000002080011088080000500004000220004420021120000000A00008001100008048000000080C0200044000201203000002000080011000008404400000080
	02000410000210210000080000000184004884004004022000140001000221001009000000010000408088000402400000604000100022020110900A00801000040008000024200000400000010002080011088080000400004000220004420020100180000800008001100008848000000280402000440002012030008020
	00080011000008480400373500003F4C0000804000040008000024200200401000000002080011088080000400004000220004420020100000000800008001100008040000000200C0200044000201003000008000080011000008404400002080020004100002102100000800000001840048840040000220001000010002
	210010080000000400004080880004020000006100001000220001108008008040000400080000242002004010000100020800110880800004000040002200044200201001000008000080011000080400000002004020004400020100300000800008001100000840040037350000AFD00000000000000000000000010000
	00000000000000010000000000000000000000000000000100000000000000000000000000000000000000000000000000000000000000000000000000000000000000000000000000000000000000000000000000000000000000000000000000000000000000000000000000000000000000000000000000000000000000
	000000000000000000000000000000000000000000000000000000000000000000000000000000800000000000000000000000000000008000000000000000000080000000000000000000000037350000EE460000044000000000401000000000000000000000000000000000000000100040000000000000000000000004
	00000040000000000000000000000000001000000000000000000000002000000000000000000000000000000000000000000000000000000000000000000000000000000000000000000000000000000000000000000000000000000000000000000000000000000000000000000000000000000000000000000000000000
	000000000000000000000000000000000000000000000000000000000000000000000000000002000000000000000000000000382000004B2200000000000000000000000000000000000000000400000000000000000000000000000000000000000000000000000000000000000000000000000000000000000000000000
	00000000000000000000000000000004400000000000000000400000000000000000000000000000000000400000000000000000000000000000000000000000000000000000002000000000000000000000000800000000000000000000000000000000000000000000000000000000000000000008000000000000000000
	0000000000000000008000000000000000000000000008000038200000D146000000400400001040000000000000000000000000000000000000000000000000000000000000000000000000000000000000000000000000000010000000000000000000000020000000000000000000000004000000004000000000000000
	00000000000000000000000000000000004000000000000000000000000000000000000000000000000000000000000000000000000000000000000800000000000000000000000000000000000000000000000000000000000800000000000000000000000000000000000000008000000000000000000000080000000038
	200000F3FA0000000000000000000000000000000000000000000000000000000000000000000000000000000000000000000000000000000000000000000000000000000000000000000000000000000000000000000000000000000000000000000000000000000000000000000000000000000000000000000000000000
	0000000000000000000000000000000000000000000000000000000000000000000000000000000000000000000000000000000000000000000000000000000000000000000000000000000000000000000000000000000000000000000000000000000038200000F3FA000000000000000000000000000000000000000000
	00000000000000000000000000000000000000000000000000000000000000000000000000000000000000000000000000000000000000000000000000000000000000000000000000000000000000000000000000000000000000000000000000000000000000000000000000000000000000000000000000000000000000
	00000000000000000000000000000000000000000000000000000000000000000000000000000000000000000000000000000000000000000000000000000000000000000000000000003820000093A50000C000000000000C000C0030003000C000C000000000000C000C007000300080008000000000001C000C00600060
	008000800004000000180018006000600080008000040004001800180060006000800080000400040018001800E0006000000000000400040038001800C000C000000000000C00040030003000C000C000000000000C000C0030003000C000C000000000000C000C0030003000C000C000000000000C000C00700030000000
	0000000000001C000C00600060000000000004000000180018006000600000000000060006001800180060000000000038280000F35500000000000000000000000000000000000000000000000000000000000040000000000000000000000010000000000000000000000004000000000000000000000000000000000000
	00000000080000000000000000000000000000000080000000000000000000000020000000000000000000000008000000000000000000000000000000000000000000000000000000000000000000000000000000000000000000000000000000400000000000000000000000100000000000000000000000040000000000
	00000000000000000000000000000000000000000000382600004BCC000000000000000000000000000040000000000000000000000000000000400000000000000000000000500000000000000000000000040000000000000000000000000000000000000000000008400000000000000000000000000000008000000000
	00000000000000200000000000000000000000080000000000000000000000000001000000000000000000000000000000000000000000000000000000000000000000000000004000000000000000000000001000000000002001000000000400000000002000000020000000000000008000000020000000000038250000
	D90E0000000000000000000000000000000040000000000000000000000000004000000000000000000000001000000000000000000000000400000000000000000000000000000000000000000000004000000000000000000000000000000080000000000000000000000020000000000000000000000008000000000000
	000000000000000000000000000000000000000000000000000000000000000000000000000000000000000000400000000040000000000000100000000000000000000000040000000000200000000000000000000000000000000000000000003824000089DB000000000000000000000000000000000000000000000000
	00000000000000000000000000000100000000000000000000000000000000010000000000010000000000000000000100000000000000004000000000000000000800000001000000000000000000010000000000000000000000000000000000000000000000000000000000000000000000000000000000000001000000
	000000000000000000000000000000000000000000000000000000000100000000000000000000000000000000000020002000000000000000000000000000000000000000000038210000C5290000000000000000000000000000000000000000000000000000000000000000000000000000000000004000000000000000
	00000000000000000000000000000000000000000000000000000000400040000000000000000000000000000000000000000000000000000000000000000000000000000000000000000000000000000000000000000000000000000000000000000000000000000000000000000000000000000000000000000000000000
	000000000000000000000000000000000000000000000020000000200000000000000000002000200000000000382300001FEB00000000000000000000000000000000000000000000000000000000000000000000000000000000000040000000000000000000000000000000000000000000000000000000000000000000
	00000000000000000000000000000000000000000000000000000000000000000000000000000000000000000000000000000000000000000000000000000000000000000000000000000000000000000000000000000000000000000000000000000000000000000000000000000000200000000000000000002000200000
	00000000000000000000000000200000000000382300002A4E000000000000000000000000000000000000000000000000000000000000000000000000000000000000400000000000000000000000000000000000000000000000000000000000000000000000000000000000000000000000000000000000000000000000
	00000000000000000000000000000000000000080000000000000000000000000000000000000020000000000000000000000000000000000000000000000000000000000000000000000000000000000010000020000000000000000000000820002000000020000000000000008000A00000000000000038220000ECBF00
	00000000000000000000100000400040000000000000000000000000000040000000000000000000000000000000000000000000000000000000000000000000400000000000000000000000000000000000000000000000000000000000000000000000000000000000000000000000000000000000000000000000000000
	000000000000000000000002000000000000000000000000000000000000000000000000000000000000000000000000000000000000000000002000200000000000000000002000000000000000000000000000000000000000000000003822000050E6000000000000000000000000000000000000000000000000000000
	00000000000000000000000000000000000080008000000000000000000000000000000000000000000000000000000010000040000000000000000000000000000000000000000000000000000000000000200000000000000000000000000000000000000000000000000004000000400000000000000000000000000000
	00080000000000000000000000000000000000000000000000000000000000000000200000000000000000002000000020000000000000000000000020002000000000003820000069630000000000000000000000000000400000000000000000000000400000000000000000004000100000000000400000001000040000
	00000000000004040000000000000000000000000000000000400000000000000000000000800000000000000000008000200000000000004000002000080000000000000000000800000000000000000000000000000000000000000000000000001000000000000000000000000000004000000000000000000040001000
	00000000000000003000040000000000000020002400000020000000000000000000000000000000000038200000612C00000000000000000000000000100000400000000000000000000000000000000040000000000100000000004000000000000000000000010000000400010000004000000000000100000010000040
	00000000000000000000000008000100000000000000000001000000600000000000000000000000000008000000000000000000000000000000060060000000000000000100000010000800000000000000000000000000000000000000000000000000010000000000102000000000000000000000000008200020000000
	0000000000000000000020000000000038200000D67F000000000000000000004000000040000000000000000000000000000000000000000000000040000000400000000000000000000000000000000000000000000000000000000000000000000000400000004000000000000000000000000000000000000000000000
	0000000000000000000000000000000000000000000000000000000000000000000000000000000000000000000000000000000000000000000000000000000000000000000000000000000000000000002000000020000000200000002000000020000000200000002000000020000000000000003820000066B800000000
	00000000000000000000400000000000000000000000000000000000000000000000000000004000000000000000000000000000000000000000000000000000000000000000000000000000000040000000000000000000000000000000000000000000000000000000000000000000000000000000000000000000000000
	0000000000000000000000000000000000000000000000000000000000000000000000000000000000000000000000000000000000000000000000200000000000000020008000000000002000000000000000200000000000000038200000C087000000000020002000000010001000000000000800080000000000040004
	00000000004000400000002000200000001000100000000000080008000000000004000400000040004000000020002000000010001000000000000800080000000000040004000000000040004000000020002000000010001000000000000800080000000000040004000000400042000200200020000000100010000000
	000008000800000000000400040000000000020002000000200020000000100010000000000008000800000000000400040000000000020002002000200000000038200000ADDA0000000000000000000400000000000000000000000000200000000000100000000000000008000000000000000000000000000000000000
	00200000000000000000000000000000000000000000000400000000000000000000000000000000000000100000000000000000000000000000000000000000000000000000000000000000000000000000000000000000000000000004000000000000000000000000002000000000000000000000000000000000000000
	00000400000000000000020000000000000000001000000000800000000000000000000004000038200000829E00000000000000000000000000000000000000000000000000000000000000000000000000000000000000000004000000000000000000000000000000000000000000000000000000000000000000000000
	00000000004000000000000000000000000000000000000000000000000000000000000000000000000000000000000000000000000000000000000800000000000000000000000000000002000000000000000000000000000000000000000000000000000000000000000000000000000000200000000000000000000000
	0000000000000000000000000038200000F3FA000000000000000000000000000000000000000000000000000000000000000000000000000000000000000000000000000000000000000000000000000000000000000000000000000000000000000000000000000000000000000000000000000000000000000000000000
	00000000000000000000000000000000000000000000000000000000000000000000000000000000000000000000000000000000000000000000000000000000000000000000000000000000000000000000000000000000000000000000000000000000000000000000000000000000000038200000928800000000000000
	00000000000000400000000000000000000000000000000000000000000000000000004000000000000000000000000000000000000000000000000000000000000000000000000000000040000000000000000000000000000000000000000000000000000000000000000000000000000000000000000000000000000000
	0000000000000000000000000000000000000000000000000000000000000000000000000000000000000000000000000000000000000000200000000000000020000000000000002000000000000000200000000000000038200000F3FA000000000000000000000000000000000000000000000000000000000000000000
	00000000000000000000000000000000000000000000000000000000000000000000000000000000000000000000000000000000000000000000000000000000000000000000000000000000000000000000000000000000000000000000000000000000000000000000000000000000000000000000000000000000000000
	000000000000000000000000000000000000000000000000000000000000000000000000000000000000000000000000000000000000000000000000000038200000B70D0000000000000000000040000000000000000000000000000000000000000000000000000000400000000000000000000000000000000000000000
	00000000000000000000000000000000000000400000000000000000000000000000000000000000000000000000000000000000000000000000000000000000000000000000000000000000000000000000000000000000000000000000000000000000000000000000000000000000000000000000000000000000000000
	20000000000000002000000000000000200000000000000020000000000000000000000038200000812500000000000000000000400000000000000000000000000000000000000000000000000000004000000000000000000000000000000000000000000000000000000000000000000000000000000040000000000000
	00000000000000000000000000000000000000000000000000000000000000000000000000000000000000000000000000000000000000000000000000000000000000000000000000000000000000000000000000000000000000000000000000000000002000000000000000200000000000000020000000000000002000
	80008000000000000000382000009288000000000000000000000000000040000000000000000000000000000000000000000000000000000000400000000000000000000000000000000000000000000000000000000000000000000000000000004000000000000000000000000000000000000000000000000000000000
	00000000000000000000000000000000000000000000000000000000000000000000000000000000000000000000000000000000000000000000000000000000000000000000000000000000000000200000000000000020000000000000002000000000000000200000000000000038200000E3C700000000000000000000
	00000000000000000000000000000000000000000000000000000000000000000000000000000000000000004000000000000000000000000000000000000000000000000000000000000000000000000000000000000000000000000000000000000000000000000000000000000000000000000000000000000000000000
	00000000000000000000000000000000000000000000000000000000000000000000000000000000000000000000000000000000000000000000002000000000000000000000000000000000000000000000000000382000007402000000000000000000000080000000000000000000000000000000000000000000000000
	00000000000000000000000000000000000000000000000000000000000000000000000000000100000000000000000000000000000000000000000000000000000000000000000000000000000000000000000000000000000000000000000100000000000000000000000000000000000000800000000000000000000000
	000000000000000000000000000000000000000000000000000000000000000000000000000000000000000000000000000000010000000000000038200000FFFFFFFFFFFFFFFFFFFFFFFFFFFFFFFFFFFFFFFFFFFFFFFFFFFFFFFFFFFFFFFFFFFFFFFFFFFFFFFFFFFFFFFFFFFFFFFFFFFFFFFFFFFFFFFFFFFFFFFFFFFFFFFF
	520300000000000000000000000000000000000000000000000000000000000000000000000000000000002000000000000000000000000000000000000000000000000000000000000000000000A00000000000156400005A3500000000000000004000000000000000000000000000000000000000000000200000000000
	0000000000000000000020000000000000000000000000000000200000000000000000000000000000146600005DC90000000000000000000000000000000000000000000000002000000000000000000000000000000000000000000000000000000000200000000000000000000000000000000000000000000000008000
	0000000000001670000088490000000000000000000000000000000000000000000000000020000000000000000000000000000000000000000000000000000000200000000000000000000000000000000000000000000000008000000000000000167000005B910000000000000000000000000000000000000000000000
	000000000000000000000000000000000000000000000000000000000000000000000000000000000000000000000000000000000000000000000000000000167000004E3600000000000000000000000000000000000000000000000000000000000000000000000000000000000000000000000000000000000000000000
	00000000000000000080000000000000000000000000000015650000474000000000000000000000000000000000000000000000000000000000000000000000000000000000000000000000000000000000000000010000000000000000000000000080000000000000000000000000156500004DEF000000000000000000
	0000000000000000000000000000000000000000000000000000000000000000000000000000000000000000000001000000000000000000000000000080000000000000000000000015650000F63B000000000000000000000000000000000000000000000000000000000000000000000000000000000000000000000C67
	0000F63B000000000000000000000000000000000000000000000000000000000000000000000000000000000000000000000C670000212A0000AC5553AEA855D72AA8D7552AEA95556AAB94754BAAB4554B3A24555B2A245D532A2C5553AEA855010B68000023EA0000004000000220000000110000000800000004004000
	000200076F0000CD5F000000000004000000800000020000400000000100200000000000100000000000080000000000040000000000000C6C000045850000000008000000000400000000020000000081000000004000000000200000000010000000000800000B6A00002C9B000000000000000000000000000000000000
	0000000000000000000000000000000000000000000000000B6B0000881E0000000000000000000000000000000000000000000000000000000000000000000000000000000000000B6D0000881E0000000000000000000000000000000000000000000000000000000000000000000000000000000000000B6D00007A5D00
	00000000000000000000000000000000000000000000000000000000000000000000000000000000000B6E00007A5D0000000000000000000000000000000000000000000000000000000000000000000000000000000000000B6E0000F2310000000000000000000000000000000000000000000000000000000000000000
	00000000000000000000000000000C69000017B6000084040000000040400202000000202000010100001010000000008008080000000000040400000000400000000C690000B34E000000000000000000000000000000000000000000000000000000800000000000000000000000000000000000000C690000EFF9000000
	0000000000000000000000000000000000000000000000000000000000000000000000000000000000000000000000000000000000000000000000000000000000000000000000000000000000000015630000EFF9000000000000000000000000000000000000000000000000000000000000000000000000000000000000
	0000000000000000000000000000000000000000000000000000000000000000000000000000000015630000B17A000000000000000000000000000000000000000000000000000000000000000000000000000000000000000000000000000000000000000000000000000080000000000000000000000000000000008080
	00000000001662000043B300000000000000000000000000000000000000000000000000000000000000000000000000000000000000000000000000000000000000000000000000000000000000000000000000000000000000000000000000001662000043B3000000000000000000000000000000000000000000000000
	000000000000000000000000000000000000000000000000000000000000000000000000000000000000000000000000000000000000000000000000000016620000D01B0000000000000000000000000000000000000000000000000000000000000000000000000000000000000000000000000000000000000000000000
	000000000000000000000000000000000000000000000015600000D01B0000000000000000000000000000000000000000000000000000000000000000000000000000000000000000000000000000000000000000000000000000000000000000000000000000000000000000000015600000D01B00000000000000000000
	00000000000000000000000000000000000000000000000000000000000000000000000000000000000000000000000000000000000000000000000000000000000000000000000015600000D01B00000000000000000000000000000000000000000000000000000000000000000000000000000000000000000000000000
	00000000000000000000000000000000000000000000000000000000000000000015600000054400000000000000000000000000000000000000000000000000000000000000000000000000000000000000000000000000000000000000000000000000000000000000000000000000000000000000000000156100000544
	00000000000000000000000000000000000000000000000000000000000000000000000000000000000000000000000000000000000000000000000000000000000000000000000000000000000000000000156100004562000000000000000000000000000000000000000000000000000000000000000000000000000000
	00000000000000000000000000000000000000000000000000000000000000000000000000000000000000156400004562000000000000000000000000000000000000000000000000000000000000000000000000000000000000000000000000000000000000000000000000000000000000000000000000000000000000
	0000000015640000456200000000000000000000000000000000000000000000000000000000000000000000000000000000000000000000000000000000000000000000000000000000000000000000000000000000000000000000156400002C920000000000000000000000000000000000000000000000000000000000
	00000000000000000000000000000000000000000000000000000000000000000000000000000000000000000000000000146600005B91000000000000000000000000000000000000000000000000000000000000000000000000000000000000000000000000000000000000000000000000000000000000000000000000
	00000000000000000000000000001670000056270000000000000000000000000000000000000000000000000000000000000000000000000000000000000000000000000000000000000000000000000000000000000000000000000000000000000000008080000000167000005B91000000000000000000000000000000
	0000000000000000000000000000000000000000000000000000000000000000000000000000000000000000000000000000000000000000000000000000000000000000000000167000007B1E0000000000000000000000000000000000000000000000000000000000000000000000000000000000000000000000000000
	00000000000000000000000000000000000000000000000000000000147200007B1E000000000000000000000000000000000000000000000000000000000000000000000000000000000000000000000000000000000000000000000000000000000000000000000000000000000000147200007B1E000000000000000000
	0000000000000000000000000000000000000000000000000000000000000000000000000000000000000000000000000000000000000000000000000000000000000000001472000090760000000000000000000000000000000000000000000000000000000000000000000000000000000000000B56000050BA00000000
	0000000000000000000000000000000000000000000000000000000000000000000000000000000000000000000000000000000000000000000000000000000000000000000000000000000000000000000000000000174F000050BA0000000000000000000000000000000000000000000000000000000000000000000000
	00000000000000000000000000000000000000000000000000000000000000000000000000000000000000000000000000000000000000174F000050BA000000000000000000000000000000000000000000000000000000000000000000000000000000000000000000000000000000000000000000000000000000000000
	000000000000000000000000000000000000000000000000174F000050BA000000000000000000000000000000000000000000000000000000000000000000000000000000000000000000000000000000000000000000000000000000000000000000000000000000000000000000000000000000000000174F00008AEF00
	00000000000000000000000000000000000000000000000000000000000000000000000000000000000000000000000000000000000000000000000000000000000000000000000000135800008AEF000000000000000000000000000000000000000000000000000000000000000000000000000000000000000000000000
	0000000000000000000000000000000000000000000000000000135800008AEF000000000000000000000000000000000000000000000000000000000000000000000000000000000000000000000000000000000000000000000000000000000000000000000000000013580000E18D00002284C1001041E20008A0700104
	503880002A1C4000140D22000886120104400B81002284C10000000B590000D2810000008000000040000000200000001000000008000000040000000002000000000100000080000000000B5900006EC2000026C000321163001889B0010CC4588004622E400032152300188992010CC44881046226C0003201000B590000
	43F60000000000000000000000000000000000000000000000000000000000000000000000000000000000000000000000000000000000000000000000000000105A000043F6000000000000000000000000000000000000000000000000000000000000000000000000000000000000000000000000000000000000000000
	0000000000105A000043F60000000000000000000000000000000000000000000000000000000000000000000000000000000000000000000000000000000000000000000000000000105A000089FE000000000000080000000000000400000000000000020000000000000001000000000000800000000000004000000000
	00002000000000000010000000000000080000000000125B000088AA00000000000808080000000004040400000000000202020000000000010101000000008080800000000040404000000000202020000000001010100000000008080800000000125B0000F6000000000000000008000000000000040000000000000002
	0000000000000001000000000000800000000000004000000000000020000000000000100000000000000800000000125B000089FE00000000000008000000000000040000000000000002000000000000000100000000000080000000000000400000000000002000000000000010000000000000080000000000125B0000
	085400000000000808000800000004040004000000000202000200000000010100010000008080008000000040400040000000202000200000001010001000000008080008000000125B0000404800000000000000000000000000000000000000000000000000000000000000000000000000000000000000000000000000
	000000000000000000000000000000000000000000125B0000C06900000010000808000000080004040000000400000202000000020000010100000001008080000000800040400000004000202000000020001010000000100008080000000000125B0000BEC3000000100000000000000800000000000004000000000000
	00020000000000000001000000000000800000000000004000000000000020000000000000100000000000000000125B0000404800000000000000000000000000000000000000000000000000000000000000000000000000000000000000000000000000000000000000000000000000000000000000000000125B0000C1
	E5000000000000000000000000000000000000000000000000000000000000000000000000000000000000000000000000000000000000000000000000000000000000000000000000000000000000145F00003A1B000000000000000000000000000000000000000000000000000000000000000000000000000000000000
	00000000000000000000000000000000000000000000000000000000000000000000000000000000157300003A1B000000000000000000000000000000000000000000000000000000000000000000000000000000000000000000000000000000000000000000000000000000000000000000000000000000000000000000
	00157300003A1B00000000000000000000000000000000000000000000000000000000000000000000000000000000000000000000000000000000000000000000000000000000000000000000000000000000000000000000157300004AAC0000000000000000000000000000000000000000000000000000000000000000
	00000000000000000000000000000400000000000000000000000000000000000000000000000000000000000000147200007B1E000000000000000000000000000000000000000000000000000000000000000000000000000000000000000000000000000000000000000000000000000000000000000000000000000000
	00000014720000BA1E00000000000000000000000000010000000000000000000000000000000000000000000000000000000000000000000000000000000000000000000000000000000000000000000000000000000014720000CFD900000000000000000000000001000000000000000000000000000000000000000000
	00000000000000000000000000040000000000000000000000000000000000000000000000000000137100003A1B000000000000000000000000000000000000000000000000000000000000000000000000000000000000000000000000000000000000000000000000000000000000000000000000000000000000000000
	00157300003A1B00000000000000000000000000000000000000000000000000000000000000000000000000000000000000000000000000000000000000000000000000000000000000000000000000000000000000000000157300003A1B0000000000000000000000000000000000000000000000000000000000000000
	0000000000000000000000000000000000000000000000000000000000000000000000000000000000000000000000000000157300009BDF0000000000000000000000000000000000000000000000000000000100000000000000000000000000000000000000000000000000000000000000000000000000000000000000
	000000000000000000000000000000165000004CC000000000000000000000000000000000000000000000000100000000000004000000000000000000000000000000000000000000000000000000000000000000000000000000000000000000000000000000000000001650000007120000000000000000000000000000
	000000000000000001000000000100000000000000000000000000000000000000000000000000000000000000000000000000000000000000000000000000000000000000000000165000005BF3000000000000040000000000000000000000000000000000000000000000000000000000000000000000000000000C4700
	009BB6000000000000000000000000000000000000000000000000000000000000000000000000000000000000000000000C4700007A2200000EFEF0000EFEF008867EF880067EF884423FFDC0023FFDC2201F7F60001F7F60110E7F71000E7F71080000000C480000015F0000020000000048000000000024000000000010
	02000000004800000000084A0000D1CF000000000000000000080080000000000104004000000000000002200000000000000011000000000080000800000C490000399B000000000008000000000004000000000002000080000001004000000000200000000010000000000800000000000C4200001AAD00000000000000
	00000000000000000000000000000000000000000000000000000000000000000000000B4300002FE80000000000000000000000000000000000000000000000000000000000000000000000000000000000000B4400002FE80000000000000000000000000000000000000000000000000000000000000000000000000000
	000000000B4400003E79000000010100000000000000000000000000000000000000000000000000000000000000000000000080800000000C4E00009DB9000000000000000000000000000000000000000000000000000000000000000000000000000000000000000000000C4E000029AE00000000000000000000000000
	000000000100000000000000000000000000000000000000000000000000000000000000000D4D0000E0D800000000808000000000080800004040000000000404000020200000000000020200101000000000000001010808000000000D4D000029AE00000000000000000000000000000000000100000000000000000000
	000000000000000000000000000000000000000000000D4D0000CBF00000000000000100000000000000000000000000000000000000000000000000000000000000000000000000000000000000000000000000000000000000000000000000000000000000000000000000000000000000164C00000BE000000000000000
	00000000000000000000000000000000000000000000000000000000000000000000000000000000000000000000000000000000000000000000000000000000000000000000000000000000000000164C0000C32E000000000000000100000000000000000000000000000000000000000000000000000000000000000000
	0000000000000000000000000000000000000000000000000000000000000000000000000000000000000000164B00000FEF0000000000000000000000000000000000000000000000000000000000000000000000000000000000000000000000000000000000000000000000000000000000000000000000000000000000
	000000000000000000164B00000FEF0000000000000000000000000000000000000000000000000000000000000000000000000000000000000000000000000000000000000000000000000000000000000000000000000000000000000000000000000000164B00003BDC0000000000000000000000000000000000000000
	0000000000000000000000000000000000000000000000000000000000000000000000000000000000000000000000000000000000000000000000000000154000003BDC0000000000000000000000000000000000000000000000000000000000000000000000000000000000000000000000000000000000000000000000
	0000000000000000000000000000000000000000000000154000003BDC00000000000000000000000000000000000000000000000000000000000000000000000000000000000000000000000000000000000000000000000000000000000000000000000000000000000000000000154000003BDC00000000000000000000
	000000000000000000000000000000000000000000000000000000000000000000000000000000000000000000000000000000000000000000000000000000000000000000000000154000000DDF00000001010000000000000000000000000000000000000000000000000000000000000000000000000000000000000000
	000000000000000000000000000000000000000000000000000000000000008080000000001645000007F1000000000000000000000000000000000000000000000000000000000000000000000000000000000000000000000000000000000000000000000000000000000000000000000000000000000000000000000000
	00001645000095250000000000000000000000000000000000000001000000000000000000000000000000000000000000000000000000000000000000000000000000000000000000000000000000000000000000000000000015460000441800000000000000000000000000000000000000000000000000000000000000
	000000000000000000000000000000000000000000000000000000000000000000000000000000000000000000000000000000154600003C5800000000000000000000000000000000000000000000000000000000000000000000000000000000000000000000000000000000000000000000000000000000000000000000
	000000000000000080000000154600007DBF0000000000000100000000000000000000000000000000000000000000000000000000000000000000000000000000000000000000000000000000000000000000000000000000000000000000001441000050BA00000000000000000000000000000000000000000000000000
	0000000000000000000000000000000000000000000000000000000000000000000000000000000000000000000000000000000000000000000000000000000000174F000050BA0000000000000000000000000000000000000000000000000000000000000000000000000000000000000000000000000000000000000000
	00000000000000000000000000000000000000000000000000000000000000000000174F000050BA000000000000000000000000000000000000000000000000000000000000000000000000000000000000000000000000000000000000000000000000000000000000000000000000000000000000000000000000000000
	000000174F00000AF10000000001000000000000000000000000000000010000000000000000000000000000000000000000000000000000000000000000000000000000000000000000000000000000000000000000000000000000000000165000001BDC0000000000000000000000000000000000000000000000000000
	000000000000000000000000000000000000000000000000000000000000000000000000000000000000000000000000000000000000000000000000165000001BDC00000000000000000000000000000000000000000000000000000000000000000000000000000000000000000000000000000000000000000000000000
	00000000000000000000000000000000000000000000000000165000009BB6000000000000000000000000000000000000000000000000000000000000000000000000000000000000000000000C4700009BB60000000000000000000000000000000000000000000000000000000000000000000000000000000000000000
	00000C4700007BCB00000EFFF1000EFEF008867EF880067EF884423FFDC0023FFDC2201F7F60001F7F60110E7F71000EFFF1080000000C480000015F000002000000004800000000002400000000001002000000004800000000084A0000BF1C00000000000000000008008000000000000400400000000000000220000000
	0000000011000000000000000800000C490000399B000000000008000000000004000000000002000080000001004000000000200000000010000000000800000000000C4200004CA90000000000000000000000000000000000000000000000000000000000000000000000000000008000000B4300002FE8000000000000
	0000000000000000000000000000000000000000000000000000000000000000000000000B4400002FE80000000000000000000000000000000000000000000000000000000000000000000000000000000000000B4400009DB900000000000000000000000000000000000000000000000000000000000000000000000000
	0000000000000000000C4E00009DB9000000000000000000000000000000000000000000000000000000000000000000000000000000000000000000000C4E000045AE00000000000000000000000000000000010000000000000000000000000000000000000000000000000000000000000000000D4D0000E0D800000000
	808000000000080800004040000000000404000020200000000000020200101000000000000001010808000000000D4D000045AE00000000000000000000000000000000010000000000000000000000000000000000000000000000000000000000000000000D4D00000BE000000000000000000000000000000000000000
	00000000000000000000000000000000000000000000000000000000000000000000000000000000000000000000000000000000000000000000000000000000000000164C00000BE0000000000000000000000000000000000000000000000000000000000000000000000000000000000000000000000000000000000000
	0000000000000000000000000000000000000000000000000000000000000000164C0000855F0000000101000000000000000000000000000000000000000000000000000000000000000000000000000000000000000000000000000000000000000000000000000000000000000000000000000000000080800000164B00
	000FEF0000000000000000000000000000000000000000000000000000000000000000000000000000000000000000000000000000000000000000000000000000000000000000000000000000000000000000000000000000164B00000FEF0000000000000000000000000000000000000000000000000000000000000000
	000000000000000000000000000000000000000000000000000000000000000000000000000000000000000000000000000000000000164B0000FB8D00000100000000000000000000000000000000000000000000000000000000000000000000000000000000000000000000000000000000000000000000000000000000
	000000000000000000000000000000154000003BDC00000000000000000000000000000000000000000000000000000000000000000000000000000000000000000000000000000000000000000000000000000000000000000000000000000000000000000000154000003BDC000000000000000000000000000000000000
	00000000000000000000000000000000000000000000000000000000000000000000000000000000000000000000000000000000000000000000000000000000154000003BDC000000000000000000000000000000000000000000000000000000000000000000000000000000000000000000000000000000000000000000
	000000000000000000000000000000000000000000000000001540000007F1000000000000000000000000000000000000000000000000000000000000000000000000000000000000000000000000000000000000000000000000000000000000000000000000000000000000000000000000000016450000FBF000000001
	0000000000000000000000000000000000000000000000000000000000000000000000000000000000000000000000000000000000000000000000000000000000000000000000000000000000000000000016450000C485000000000100000000000000000000000000000000000000000000000000000000000000000000
	00000000000000000000000000000000000000000000000000000000000000000000000000008000000000154600004418000000000000000000000000000000000000000000000000000000000000000000000000000000000000000000000000000000000000000000000000000000000000000000000000000000000000
	000000001546000044180000000000000000000000000000000000000000000000000000000000000000000000000000000000000000000000000000000000000000000000000000000000000000000000000000000000000000000015460000BDAF0000000000000000000000000000000000000000000000000000000000
	000000000000000000000000000000000000000000000000000000000000000000000000000000000000000000000000001441000050BA000000000000000000000000000000000000000000000000000000000000000000000000000000000000000000000000000000000000000000000000000000000000000000000000
	000000000000000000000000000000000000174F00001A63000000010100000000000000000000000000000000000000000000000000000000000000000000000000000000000000000000000000000000000000000000000000000000000000000000000000000000000000808000000000174F000050BA00000000000000
	0000000000000000000000000000000000000000000000000000000000000000000000000000000000000000000000000000000000000000000000000000000000000000000000000000000000000000000000174F0000B4230000000000000000000000000000000000000000000000000000000000000000000000000000
	00000000000000000000000000000000000000000000000000000000000100000000000000000000147200007B1E000000000000000000000000000000000000000000000000000000000000000000000000000000000000000000000000000000000000000000000000000000000000000000000000000000000000147200
	00870B00000000000000000000000000000000000000000000000000000000000000000000000000000000000000000000000000000000000000000000000000000000000001000000000000000000000014720000907600000000000000000000000000000000000000000000000000000000000000000000000000000000
	00000B56000050BA000000000000000000000000000000000000000000000000000000000000000000000000000000000000000000000000000000000000000000000000000000000000000000000000000000000000000000000000000000000000174F000050BA0000000000000000000000000000000000000000000000
	00000000000000000000000000000000000000000000000000000000000000000000000000000000000000000000000000000000000000000000000000000000000000174F000050BA000000000000000000000000000000000000000000000000000000000000000000000000000000000000000000000000000000000000
	000000000000000000000000000000000000000000000000000000000000000000000000174F000050BA00000000000000000000000000000000000000000000000000000000000000000000000000000000000000000000000000000000000000000000000000000000000000000000000000000000000000000000000000
	0000000000174F00008AEF0000000000000000000000000000000000000000000000000000000000000000000000000000000000000000000000000000000000000000000000000000000000000000000000000000135800008AEF000000000000000000000000000000000000000000000000000000000000000000000000
	0000000000000000000000000000000000000000000000000000000000000000000000000000135800008AEF000000000000000000000000000000000000000000000000000000000000000000000000000000000000000000000000000000000000000000000000000000000000000000000000000013580000E18D000022
	84C1001041E20008A0700104503880002A1C4000140D22000886120104400B81002284C10000000B590000D2810000008000000040000000200000001000000008000000040000000002000000000100000080000000000B5900006EC2000026C000321163001889B0010CC4588004622E400032152300188992010CC44881
	046226C0003201000B59000043F60000000000000000000000000000000000000000000000000000000000000000000000000000000000000000000000000000000000000000000000000000105A000043F6000000000000000000000000000000000000000000000000000000000000000000000000000000000000000000
	0000000000000000000000000000000000105A000043F60000000000000000000000000000000000000000000000000000000000000000000000000000000000000000000000000000000000000000000000000000105A000089FE000000000000080000000000000400000000000000020000000000000001000000000000
	80000000000000400000000000002000000000000010000000000000080000000000125B000088AA00000000000808080000000004040400000000000202020000000000010101000000008080800000000040404000000000202020000000001010100000000008080800000000125B0000F6000000000000000008000000
	0000000400000000000000020000000000000001000000000000800000000000004000000000000020000000000000100000000000000800000000125B000089FE0000000000000800000000000004000000000000000200000000000000010000000000008000000000000040000000000000200000000000001000000000
	0000080000000000125B0000085400000000000808000800000004040004000000000202000200000000010100010000008080008000000040400040000000202000200000001010001000000008080008000000125B0000404800000000000000000000000000000000000000000000000000000000000000000000000000
	000000000000000000000000000000000000000000000000000000000000000000125B0000C06900000010000808000000080004040000000400000202000000020000010100000001008080000000800040400000004000202000000020001010000000100008080000000000125B0000BEC3000000100000000000000800
	00000000000400000000000000020000000000000001000000000000800000000000004000000000000020000000000000100000000000000000125B00004048000000000000000000000000000000000000000000000000000000000000000000000000000000000000000000000000000000000000000000000000000000
	00000000000000125B0000C1E5000000000000000000000000000000000000000000000000000000000000000000000000000000000000000000000000000000000000000000000000000000000000000000000000000000000000145F00003A1B000000000000000000000000000000000000000000000000000000000000
	00000000000000000000000000000000000000000000000000000000000000000000000000000000000000000000000000000000157300003A1B000000000000000000000000000000000000000000000000000000000000000000000000000000000000000000000000000000000000000000000000000000000000000000
	00000000000000000000000000157300003A1B00000000000000000000000000000000000000000000000000000000000000000000000000000000000000000000000000000000000000000000000000000000000000000000000000000000000000000000157300007B1E0000000000000000000000000000000000000000
	00000000000000000000000000000000000000000000000000000000000000000000000000000000000000000000000000000000000000000000147200007B1E000000000000000000000000000000000000000000000000000000000000000000000000000000000000000000000000000000000000000000000000000000
	000000000000000000000000000000147200007B1E000000000000000000000000000000000000000000000000000000000000000000000000000000000000000000000000000000000000000000000000000000000000000000000000000000000000147200003B6A00000000000000000000000000000000000000000000
	00000000000000000000000000000000000000000000000000000000000000000000000000000000000000000000000000000000137100003A1B000000000000000000000000000000000000000000000000000000000000000000000000000000000000000000000000000000000000000000000000000000000000000000
	00000000000000000000000000157300003A1B00000000000000000000000000000000000000000000000000000000000000000000000000000000000000000000000000000000000000000000000000000000000000000000000000000000000000000000157300003A1B0000000000000000000000000000000000000000
	0000000000000000000000000000000000000000000000000000000000000000000000000000000000000000000000000000000000000000000000000000157300001BDC0000000000000000000000000000000000000000000000000000000000000000000000000000000000000000000000000000000000000000000000
	000000000000000000000000000000000000000000000000000000165000001BDC0000000000000000000000000000000000000000000000000000000000000000000000000000000000000000000000000000000000000000000000000000000000000000000000000000000000000000000000000000165000001BDC0000
	000000000000000000000000000000000000000000000000000000000000000000000000000000000000000000000000000000000000000000000000000000000000000000000000000000000000000000000000165000009BB600000000000000000000000000000000000000000000000000000000000000000000000000
	0000000000000000000C4700009BB6000000000000000000000000000000000000000000000000000000000000000000000000000000000000000000000C4700007A2200000EFEF0000EFEF008867EF880067EF884423FFDC0023FFDC2201F7F60001F7F60110E7F71000E7F71080000000C480000015F0000020000000048
	00000000002400000000001002000000004800000000084A000081A3000000000100000000080080000000000004004000000000000002200000000000000011000000000080000800000C490000399B000000000008000000000004000000000002000080000001004000000000200000000010000000000800000000000C
	4200001AAD0000000000000000000000000000000000000000000000000000000000000000000000000000000000000B4300002FE80000000000000000000000000000000000000000000000000000000000000000000000000000000000000B4400002FE80000000000000000000000000000000000000000000000000000
	000000000000000000000000000000000B4400003E79000000010100000000000000000000000000000000000000000000000000000000000000000000000080800000000C4E00009DB9000000000000000000000000000000000000000000000000000000000000000000000000000000000000000000000C4E0000D5FF00
	000000000000000000000000000000000000000000000000000000000000000000000000000000000000000000000000000D4D0000E0D800000000808000000000080800004040000000000404000020200000000000020200101000000000000001010808000000000D4D0000D5FF00000000000000000000000000000000
	000000000000000000000000000000000000000000000000000000000000000000000D4D00000BE0000000000000000000000000000000000000000000000000000000000000000000000000000000000000000000000000000000000000000000000000000000000000000000000000000000000000000000000000000016
	4C00000BE00000000000000000000000000000000000000000000000000000000000000000000000000000000000000000000000000000000000000000000000000000000000000000000000000000000000000000000000000000164C00000FEF000000000000000000000000000000000000000000000000000000000000
	0000000000000000000000000000000000000000000000000000000000000000000000000000000000000000000000000000000000000000164B00000FEF0000000000000000000000000000000000000000000000000000000000000000000000000000000000000000000000000000000000000000000000000000000000
	000000000000000000000000000000000000000000164B000016470000000001000000000000000000000000000000000000000000000000000000000000000000000000000000000000000000000000000000000000000000000000000000000000000000000000000000000080000000164B00003BDC0000000000000000
	0000000000000000000000000000000000000000000000000000000000000000000000000000000000000000000000000000000000000000000000000000000000000000000000000000154000003BDC0000000000000000000000000000000000000000000000000000000000000000000000000000000000000000000000
	0000000000000000000000000000000000000000000000000000000000000000000000154000003BDC0000000000000000000000000000000000000000000000000000000000000000000000000000000000000000000000000000000000000000000000000000000000000000000000000000000000000000000015400000
	3BDC00000000000000000000000000000000000000000000000000000000000000000000000000000000000000000000000000000000000000000000000000000000000000000000000000000000000000000000154000000DDF00000001010000000000000000000000000000000000000000000000000000000000000000
	000000000000000000000000000000000000000000000000000000000000000000000000000000000000008080000000001645000007F1000000000000000000000000000000000000000000000000000000000000000000000000000000000000000000000000000000000000000000000000000000000000000000000000
	00000000000000000000000000001645000044180000000000000000000000000000000000000000000000000000000000000000000000000000000000000000000000000000000000000000000000000000000000000000000000000000000000000000000015460000441800000000000000000000000000000000000000
	00000000000000000000000000000000000000000000000000000000000000000000000000000000000000000000000000000000000000000000000000000015460000441800000000000000000000000000000000000000000000000000000000000000000000000000000000000000000000000000000000000000000000
	00000000000000000000000000000000000000000000000015460000BDAF0000000000000000000000000000000000000000000000000000000000000000000000000000000000000000000000000000000000000000000000000000000000000000000000000000000000001441000050BA00000000000000000000000000
	0000000000000000000000000000000000000000000000000000000000000000000000000000000000000000000000000000000000000000000000000000000000000000000000000000000000174F000050BA0000000000000000000000000000000000000000000000000000000000000000000000000000000000000000
	00000000000000000000000000000000000000000000000000000000000000000000000000000000000000000000174F000050BA000000000000000000000000000000000000000000000000000000000000000000000000000000000000000000000000000000000000000000000000000000000000000000000000000000
	000000000000000000000000000000174F00002B980000000001000000000000000000000000000000000000000000000000000000000000000000000000000000000000000000000000000000000000000000000000000000000000000000000000000080000000000000165000001BDC0000000000000000000000000000
	000000000000000000000000000000000000000000000000000000000000000000000000000000000000000000000000000000000000000000000000000000000000000000000000165000001BDC00000000000000000000000000000000000000000000000000000000000000000000000000000000000000000000000000
	00000000000000000000000000000000000000000000000000000000000000000000000000165000009BB6000000000000000000000000000000000000000000000000000000000000000000000000000000000000000000000C4700009BB60000000000000000000000000000000000000000000000000000000000000000
	00000000000000000000000000000C4700007BCB00000EFFF1000EFEF008867EF880067EF884423FFDC0023FFDC2201F7F60001F7F60110E7F71000EFFF1080000000C480000015F000002000000004800000000002400000000001002000000004800000000084A0000BF1C00000000000000000008008000000000000400
	4000000000000002200000000000000011000000000000000800000C490000399B000000000008000000000004000000000002000080000001004000000000200000000010000000000800000000000C4200001AAD000000000000000000000000000000000000000000000000000000000000000000000000000000000000
	0B4300002FE80000000000000000000000000000000000000000000000000000000000000000000000000000000000000B4400002FE80000000000000000000000000000000000000000000000000000000000000000000000000000000000000B4400009DB900000000000000000000000000000000000000000000000000
	0000000000000000000000000000000000000000000C4E00009DB9000000000000000000000000000000000000000000000000000000000000000000000000000000000000000000000C4E00003523000000000100000000000000000000000000000000000000000000000000000000000000000000000000008000000000
	00000D4D0000E0D800000000808000000000080800004040000000000404000020200000000000020200101000000000000001010808000000000D4D0000D5FF00000000000000000000000000000000000000000000000000000000000000000000000000000000000000000000000000000D4D00000BE000000000000000
	00000000000000000000000000000000000000000000000000000000000000000000000000000000000000000000000000000000000000000000000000000000000000000000000000000000000000164C00000BE0000000000000000000000000000000000000000000000000000000000000000000000000000000000000
	0000000000000000000000000000000000000000000000000000000000000000000000000000000000000000164C0000855F0000000101000000000000000000000000000000000000000000000000000000000000000000000000000000000000000000000000000000000000000000000000000000000000000000000000
	000000000080800000164B00000FEF0000000000000000000000000000000000000000000000000000000000000000000000000000000000000000000000000000000000000000000000000000000000000000000000000000000000000000000000000000164B00000FEF0000000000000000000000000000000000000000
	000000000000000000000000000000000000000000000000000000000000000000000000000000000000000000000000000000000000000000000000000000000000164B00003BDC00000000000000000000000000000000000000000000000000000000000000000000000000000000000000000000000000000000000000
	000000000000000000000000000000000000000000000000000000154000003BDC00000000000000000000000000000000000000000000000000000000000000000000000000000000000000000000000000000000000000000000000000000000000000000000000000000000000000000000154000003BDC000000000000
	00000000000000000000000000000000000000000000000000000000000000000000000000000000000000000000000000000000000000000000000000000000000000000000000000000000154000003BDC000000000000000000000000000000000000000000000000000000000000000000000000000000000000000000
	000000000000000000000000000000000000000000000000000000000000000000000000001540000007F1000000000000000000000000000000000000000000000000000000000000000000000000000000000000000000000000000000000000000000000000000000000000000000000000000000000000000000000000
	00001645000007F1000000000000000000000000000000000000000000000000000000000000000000000000000000000000000000000000000000000000000000000000000000000000000000000000000000000000000000000000000016450000C485000000000100000000000000000000000000000000000000000000
	00000000000000000000000000000000000000000000000000000000000000000000000000000000000000000000000000008000000000154600004418000000000000000000000000000000000000000000000000000000000000000000000000000000000000000000000000000000000000000000000000000000000000
	0000000000000000000000000000000015460000AC5D000000000000000000000000000000000000000000000000000000000000000000000000000000000000000000000000000000000000000000000000000000000000000000000000000000000000000001001546000041BA0000000000000000000000000000000000
	000000000000000000000000000000000000000000000000000000000000000000000000000000000000000000000000000100000000000000000000001441000050BA000000000000000000000000000000000000000000000000000000000000000000000000000000000000000000000000000000000000000000000000
	000000000000000000000000000000000000000000000000000000000000174F00001A6300000001010000000000000000000000000000000000000000000000000000000000000000000000000000000000000000000000000000000000000000000000000000000000000000000000000000000000000080800000000017
	4F000050BA000000000000000000000000000000000000000000000000000000000000000000000000000000000000000000000000000000000000000000000000000000000000000000000000000000000000000000000000000000000000174F00001BDC0000000000000000000000000000000000000000000000000000
	00000000000000000000000000000000000000000000000000000000000000000000000000000000000000000000000000000000000000000000000016500000DADC00000000000000000000000000010000000000000000000000000000000000000000000000000000000000000000000000000000000000000000000000
	00000000000000000000000000000000000000000000000000165000009ADE0000000000000000000000000100000000000000000000000000000000000000000000000000000000000000000000000000000000000000000000000000000000000000000000000000000000000000000000000000165000009BB600000000
	0000000000000000000000000000000000000000000000000000000000000000000000000000000000000C4700009BB6000000000000000000000000000000000000000000000000000000000000000000000000000000000000000000000C4700007A2200000EFEF0000EFEF008867EF880067EF884423FFDC0023FFDC220
	1F7F60001F7F60110E7F71000E7F71080000000C480000015F000002000000004800000000002400000000001002000000004800000000084A00007F21000000000100000000080080000000000004004000000000000002200000000000000011000000000000000800000C490000399B0000000000080000000000040000
	00000002000080000001004000000000200000000010000000000800000000000C4200001AAD0000000000000000000000000000000000000000000000000000000000000000000000000000000000000B4300002FE80000000000000000000000000000000000000000000000000000000000000000000000000000000000
	000B4400002FE80000000000000000000000000000000000000000000000000000000000000000000000000000000000000B440000A185000000010100000000000000000000000000000000000000000000000000000000000000000000000000000000000C4E00009DB90000000000000000000000000000000000000000
	00000000000000000000000000000000000000000000000000000C4E0000D5FF00000000000000000000000000000000000000000000000000000000000000000000000000000000000000000000000000000D4D0000E0D8000000008080000000000808000040400000000004040000202000000000000202001010000000
	00000001010808000000000D4D0000D5FF00000000000000000000000000000000000000000000000000000000000000000000000000000000000000000000000000000D4D00000BE0000000000000000000000000000000000000000000000000000000000000000000000000000000000000000000000000000000000000
	0000000000000000000000000000000000000000000000000000000000000000164C00000BE00000000000000000000000000000000000000000000000000000000000000000000000000000000000000000000000000000000000000000000000000000000000000000000000000000000000000000000000000000164C00
	00F3EB0000000000000000000001000000000000000000000000000000000000000000000000000000000000000000000000000000000000000000000000000000000000000000000000000000000000000000000000000000164B00000FEF0000000000000000000000000000000000000000000000000000000000000000
	000000000000000000000000000000000000000000000000000000000000000000000000000000000000000000000000000000000000164B0000CFD200000000010000000000000000000000000000000000000000000000000000000000000000000000000000000000000000000000000000000000000000000000000000
	00000000000000000000000000000000000000164B00003BDC00000000000000000000000000000000000000000000000000000000000000000000000000000000000000000000000000000000000000000000000000000000000000000000000000000000000000000000154000003BDC0000000000000000000000000000
	0000000000000000000000000000000000000000000000000000000000000000000000000000000000000000000000000000000000000000000000000000000000000000154000003BDC0000000000000000000000000000000000000000000000000000000000000000000000000000000000000000000000000000000000
	0000000000000000000000000000000000000000000000000000000000154000003BDC00000000000000000000000000000000000000000000000000000000000000000000000000000000000000000000000000000000000000000000000000000000000000000000000000000000000000000000154000003BCD00000001
	010000000000000000000000000000000000000000000000000000000000000000000000000000000000000000000000000000000000000000000000000000000000000000000000000000000000000000001645000007F1000000000000000000000000000000000000000000000000000000000000000000000000000000
	00000000000000000000000000000000000000000000000000000000000000000000000000000000000000000000001645000044180000000000000000000000000000000000000000000000000000000000000000000000000000000000000000000000000000000000000000000000000000000000000000000000000000
	00000000000000001546000044180000000000000000000000000000000000000000000000000000000000000000000000000000000000000000000000000000000000000000000000000000000000000000000000000000000000000000000015460000441800000000000000000000000000000000000000000000000000
	00000000000000000000000000000000000000000000000000000000000000000000000000000000000000000000000000000000000000000015460000BDAF00000000000000000000000000000000000000000000000000000000000000000000000000000000000000000000000000000000000000000000000000000000
	00000000000000000000000000001441000050BA000000000000000000000000000000000000000000000000000000000000000000000000000000000000000000000000000000000000000000000000000000000000000000000000000000000000000000000000000000000000174F000050BA0000000000000000000000
	00000000000000000000000000000000000000000000000000000000000000000000000000000000000000000000000000000000000000000000000000000000000000000000000000000000000000174F000050BA000000000000000000000000000000000000000000000000000000000000000000000000000000000000
	000000000000000000000000000000000000000000000000000000000000000000000000000000000000000000000000174F00001BDC00000000000000000000000000000000000000000000000000000000000000000000000000000000000000000000000000000000000000000000000000000000000000000000000000
	00000000000000000000000000165000001BDC0000000000000000000000000000000000000000000000000000000000000000000000000000000000000000000000000000000000000000000000000000000000000000000000000000000000000000000000000000165000001BDC00000000000000000000000000000000
	00000000000000000000000000000000000000000000000000000000000000000000000000000000000000000000000000000000000000000000000000000000000000000000165000009BB6000000000000000000000000000000000000000000000000000000000000000000000000000000000000000000000C4700009B
	B6000000000000000000000000000000000000000000000000000000000000000000000000000000000000000000000C470000461E00000EFFF1000EFEF008867EF880067EF884423FFDC0023FFDC2201F7F60001F7F60110E7F71000E7F71080000000C480000015F00000200000000480000000000240000000000100200
	0000004800000000084A0000BF1C000000000000000000080080000000000004004000000000000002200000000000000011000000000000000800000C490000399B000000000008000000000004000000000002000080000001004000000000200000000010000000000800000000000C4200001AAD000000000000000000
	0000000000000000000000000000000000000000000000000000000000000000000B4300002FE80000000000000000000000000000000000000000000000000000000000000000000000000000000000000B4400002FE800000000000000000000000000000000000000000000000000000000000000000000000000000000
	00000B4400009DB9000000000000000000000000000000000000000000000000000000000000000000000000000000000000000000000C4E00009DB9000000000000000000000000000000000000000000000000000000000000000000000000000000000000000000000C4E000015C2000000000100000000000000000000
	00000000000000000000000000000000000000000000000000000000000000000000000D4D0000E0D800000000808000000000080800004040000000000404000020200000000000020200101000000000000001010808000000000D4D0000D5FF000000000000000000000000000000000000000000000000000000000000
	00000000000000000000000000000000000000000D4D00000BE00000000000000000000000000000000000000000000000000000000000000000000000000000000000000000000000000000000000000000000000000000000000000000000000000000000000000000000000000000164C00000BE0000000000000000000
	0000000000000000000000000000000000000000000000000000000000000000000000000000000000000000000000000000000000000000000000000000000000000000000000000000000000164C000033D30000000101000000000000000000000000000000000000000000000000000000000000000000000000000000
	000000000000000000000000000000000000000000000000000000000000000000000000000000000000164B00000FEF00000000000000000000000000000000000000000000000000000000000000000000000000000000000000000000000000000000000000000000000000000000000000000000000000000000000000
	00000000000000164B00000FEF0000000000000000000000000000000000000000000000000000000000000000000000000000000000000000000000000000000000000000000000000000000000000000000000000000000000000000000000000000164B00003BDC00000000000000000000000000000000000000000000
	000000000000000000000000000000000000000000000000000000000000000000000000000000000000000000000000000000000000000000000000154000003BDC00000000000000000000000000000000000000000000000000000000000000000000000000000000000000000000000000000000000000000000000000
	000000000000000000000000000000000000000000154000003BDC00000000000000000000000000000000000000000000000000000000000000000000000000000000000000000000000000000000000000000000000000000000000000000000000000000000000000000000154000003BDC000000000000000000000000
	000000000000000000000000000000000000000000000000000000000000000000000000000000000000000000000000000000000000000000000000000000000000000000001540000007F1000000000000000000000000000000000000000000000000000000000000000000000000000000000000000000000000000000
	00000000000000000000000000000000000000000000000000000000000000000000001645000007F10000000000000000000000000000000000000000000000000000000000000000000000000000000000000000000000000000000000000000000000000000000000000000000000000000000000000000000000000000
	16450000842500000000010000000000000000000000000000000000000000000000000000000000000000000000000000000000000000000000000000000000000000000000000000000000000000000000000000000000154600004418000000000000000000000000000000000000000000000000000000000000000000
	00000000000000000000000000000000000000000000000000000000000000000000000000000000000000000000000000154600004418000000000000000000000000000000000000000000000000000000000000000000000000000000000000000000000000000000000000000000000000000000000000000000000000
	0000000000000000000015460000BDAF0000000000000000000000000000000000000000000000000000000000000000000000000000000000000000000000000000000000000000000000000000000000000000000000000000000000001441000050BA000000000000000000000000000000000000000000000000000000
	000000000000000000000000000000000000000000000000000000000000000000000000000000000000000000000000000000000000000000000000000000174F00006C8600000001010000000000000000000000000000000000000000000000000000000000000000000000000000000000000000000000000000000000
	0000000000000000000000000000000000000000000000000000000000000000174F000050BA0000000000000000000000000000000000000000000000000000000000000000000000000000000000000000000000000000000000000000000000000000000000000000000000000000000000000000000000000000000000
	00174F00007B1E000000000000000000000000000000000000000000000000000000000000000000000000000000000000000000000000000000000000000000000000000000000000000000000000000000000000147200007B1E000000000000000000000000000000000000000000000000000000000000000000000000
	000000000000000000000000000000000000000000000000000000000000000000000000000000000000147200007B1E00000000000000000000000000000000000000000000000000000000000000000000000000000000000000000000000000000000000000000000000000000000000000000000000000000000000014
	72000090760000000000000000000000000000000000000000000000000000000000000000000000000000000000000B56000090760000000000000000000000000000000000000000000000000000000000000000000000000000000000000B560000E64F0000000000000000000000000000000000000000000000000000
	0000000000000000000000000A5500004EE40000000000000000000000000000000000000000000000000000000000000000000000000000000000000000000000000000000000000000000000000000000000000000000000000000135E00004EE40000000000000000000000000000000000000000000000000000000000
	000000000000000000000000000000000000000000000000000000000000000000000000000000000000000000135E00004EE40000000000000000000000000000000000000000000000000000000000000000000000000000000000000000000000000000000000000000000000000000000000000000000000000000135E
	00003B6A0000000000000000000000000000000000000000000000000000000000000000000000000000000000000000000000000000000000000000000000000000000000000000000000000000137100003B6A00000000000000000000000000000000000000000000000000000000000000000000000000000000000000
	00000000000000000000000000000000000000000000000000000000000000137100003B6A0000000000000000000000000000000000000000000000000000000000000000000000000000000000000000000000000000000000000000000000000000000000000000000000000000137100003B6A00000000000000000000
	00000000000000000000000000000000000000000000000000000000000000000000000000000000000000000000000000000000000000000000000000000000137100003B6A000000000000000000000000000000000000000000000000000000000000000000000000000000000000000000000000000000000000000000
	0000000000000000000000000000000000137100003B6A0000000000000000000000000000000000000000000000000000000000000000000000000000000000000000000000000000000000000000000000000000000000000000000000000000137100003B6A000000000000000000000000000000000000000000000000
	0000000000000000000000000000000000000000000000000000000000000000000000000000000000000000000000000000137100003B6A0000000000000000000000000000000000000000000000000000000000000000000000000000000000000000000000000000000000000000000000000000000000000000000000
	000000137100003A1B00000000000000000000000000000000000000000000000000000000000000000000000000000000000000000000000000000000000000000000000000000000000000000000000000000000000000000000157300003A1B000000000000000000000000000000000000000000000000000000000000
	000000000000000000000000000000000000000000000000000000000000000000000000000000000000000000000000000000001573000002BA00000000A8AA020000000000405415010000010000202A0A000000010000505404000000000001292A020000000000405415000100000000202A0A00000000010051540400
	0000000000282A0200000000001573000054D0000000401400000000000000210B000000010000005004000100000000002802000000010100401400000000000000200B00000000000000500400010100000000280200000000000040100100000000000015730000C9EF0000000000000000000000000000000000000000
	0000000000000000000000000000000000000000000000000000000000000000000000000000000000000000000000000000000000000400000000000000157300003A1B0000000000000000000000000000000000000000000000000000000000000000000000000000000000000000000000000000000000000000000000
	0000000000000000000000000000000000000000000000157300003A1B00000000000000000000000000000000000000000000000000000000000000000000000000000000000000000000000000000000000000000000000000000000000000000000000000000000000000000000157300003A1B00000000000000000000
	000000000000000000000000000000000000000000000000000000000000000000000000000000000000000000000000000000000000000000000000000000000000000000000000157300003A1B00000000000000000000000000000000000000000000000000000000000000000000000000000000000000000000000000
	000000000000000000000000000000000000000000000000000000000000000000157300003A1B00000000000000000000000000000000000000000000000000000000000000000000000000000000000000000000000000000000000000000000000000000000000000000000000000000000000000000000157300003A1B
	00000000000000000000000000000000000000000000000000000000000000000000000000000000000000000000000000000000000000000000000000000000000000000000000000000000000000000000157300003A1B000000000000000000000000000000000000000000000000000000000000000000000000000000
	0000000000000000000000000000000000000000000000000000000000000000000000000000000000000015730000ECAC000000000000000000000000000000000000000000000000000000000000000000000000000000000000000000000000800000000000000000000000000000000000000000000000000000000000
	0000000015730000FFFFFFFFFFFFFFFFFFFFFFFFFFFFFFFFFFFFFFFFFFFFFFFFFFFFFFFFFFFFFFFFFFFFFFFFFFFFFFFFFFFFFFFFFFFFFFFFFFFFFFFFFFFFFFFFFFFFFFFFFFFFFFFF97DA0000000000000000000000000000000000880088000000008888000088000000880000770000007777000000000000000000000000
	0000110011000000001111000011000000110000EE000000EEEE0000000000000000000000000000010001000000000101000001000000010000FE000000FEFE0000000000000000000000000000200020000000002020000020000000200000DF000000DFDF0000000000000C000000000000000400040000000004040000
	04000000040000FB000000FBFB0000000000000000000000000000A200A200000000A2A20000A2000000A200005D0000005D5D0000000000000000000000000000B100B100000000B1B10000B10000000000F30B00000000B100004E0000004E4E000000000000000000000000000025002500000000252500002500000025
	0000D8020000D8D80000000000000C00000000000000250025000000002525000025000000250000DA000000DADA0000000000000000000000000000080008000000000808000008000000080000F7000000F7F70000000000000000000000000000040004000000000404000004000000040000FA010000FAFA0000000000
	0000000000000000008400840000000084840000840000008400007B0000007B7B0000000000000C00000000000000250025000000002525000025000000250000DA000000DADA0000000000000000000000000000050005000000009B120000000000000505000005000000050000F2080000F2F200000000000000000000
	00000000450045000000004545000045000000450000B2080000B2B200000000000000000000000000008100810000000081810000810000008100006E1000006E6E0000000000000C000000000000000500050000000005050000050000000500007A0000007A7A0000000000000000000000000000010001000000000101
	0000010000000100007E8000007E7E0000000000000000000000000000040004000000000404000004000000040000FB000000FBFB00000000000000000000000000000400040000000004040000040000000400003B400000BBBB8000000000000C0000000044580000000000000000001000100000000010100000100000
	00100000EE000000EFEF01000000000000000000000000008000800000000080800000800000008000007B0400007B7B0000000000000000000000000000010001000000000101000001000000010000FE000000FEFE00000000000000000000000000008400840000000084840000840000008400007B0000007B7B010000
	0000000C000000000101018100800000010088810901800000008100002410000024240000000000000000000000000000110011000000001111000011000000110000A4000000A4A40000000000000000000000000000010001000000000101000001000000010000A4100000000000CF69000000A4A40000000000000000
	00000000000000020002000200020002000000000202020015A000001715010000000000040000000200000001000100000000010100000100000001000024000000A4A48000000000000000000000000000010001000000000101000001000000010000A4000000A4A4000000000000000000000000000005000500000000
	0505000005000000050000A0000000A0A0000000000000000000000000000001000100000000010100000100000001000024000000A4A48000000000000400000000000000040004000000000404000004000000040000A1000000A1A10000000000000000000000202020242024202020202424202000000000FF22000024
	202000040000018000002121000000000000000000000020202020202020202020202020202020200000000085000000A5A50000000000000000000000000000840084000000008484000084000000840000210000002121000000000000040000000000800000008000000000800000000000000000000020000000202000
	00008080000000008000000000000000000000000000000000000000000000200000002020000000000000000000000000000000000000000000000000000000000000000020000000202000000000000000000000000000000000000000000000000000000000000000002000000020200000000000000000000000000000
	0000000000106A000000000000000000000000000000000000002000000020200000000000000000000000000000000000000000000000000000000000000000200000002020000000000000000000000000000000000000000000000000000000000000000020000000202000000000000000000000000000002000200000
	00002020000020000000200000000000000000000000000000000000000000000000000000000000000000000000000000000000000000000000000000000000000000000000000000000000000000000000000000000000000000000000000000000000000000000000000000000000000000000000000000000000000000
	0000000000000000000000000000009E0E0000000000000000000000002000200020002000200000000020202000000000002000000000000000000000002000000000000000000000000000000000000000000000000000000000000000000000000000000000000000000000000000000000000000000000000000000000
	00000000000000000000000000000000000000000000000000000000000000000000000000000000000000000000000000000000000000000000000000000000000000000000000000000000000000000000000000000000000000000000000000000000000000000000000000000000000000000000000000000000000000
	00000000000000000000000000000000000000000000000000FFFFFFFFFFFFFFFFFFFFFFFFFFFFFFFF23380000FFFFFFDCFFFFFFD6FFFFFFC6FFFFFFDEFFFFFFD4FFFFFFD4FFFFFFF4FFFFFFECFFFFFFCCFFFFFFECFFFFFFC4FFFFFFE4FFFFFFE5FFFFFFCDFFFFFFCDFFFFFFCCFFFFFFCDFFFFFFEEFFFFFFCCFFFFFFCDFFFF
	FFDCFFFFFFE4FFFFFFFDFFFFFFFDFFFFFFECFFFFFFFCFFFFFFFEFFFFFFFEFFFFFFFFFFFFFFEFFFFFFFFEFFFFFFCEFFFFFFDFFFFFFFCFFFFFFFEFFFFFFFCFFFFFFFCFFFFFFF9F6A6A6A6AFFFFFFFFFFFFFFFFFFFFFFFFFFFFFFFFFFFFFFFFFFFFFFFFFFFFFFFFFFFFFFFFFFFFFFFFFFFFFFFFFFFFFFFFFFFFFFFFFFFFFFFFFF
	FFFFFFFFFFFFFFFFFFFFFFFFFFFFFFFFFFFFFFFFFFFFFFFFFFFFFFFFFFFFFFFFFFFFFFFFFFFFFFFFFFFFFFFFFFFFFFFFFFFFFFFFFFFFFFFFFFFFFFFFFFFFFFFFFFFFFFFFFFFFFFFFFFFFFFFFFFFFFFFFFFFFFFFFFFFFFFFFFFFFFFFFFFFFFFFFFF);
SIR 10 TDI (004);
RUNTEST 120 TCK;
SDR 756 TDI (000000000000000000000000000000000000000000000000000000000000000000000000000000000000000000000000000000000000000000000000000000000000000000000000000000000000000000000000000000000000000000000) TDO (00000000000000000000000000000000000000000000000
	0000000000000000000000000000000000000000000000000000000000000000000000000000000000000000000000000000000000000000000000000000000000000000002000) MASK (000000000000000000000000000000000000000000000000000000000000000000000000000000000000000000000000000000000
	000000000000000000000000000000000000000000000000000000000000000000000000000000002000);
SIR 10 TDI (003);
RUNTEST 98304 TCK;
RUNTEST 512 TCK;
SIR 10 TDI (3FF);
RUNTEST 24000 TCK;
STATE IDLE;
